user_id,city,rating,date,comment
天是红河岸,上海,力荐,2019-06-27,打光摄影服化道都用心，曹盾的画面一如既往靠谱，质感太棒了！应该是本年度最佳古装了。
回南雀,湖北武汉,力荐,2019-06-27,电影质感，镜头转换非常流畅。服化道非常精致。全员原音，感觉很棒！雷佳音扮演的死囚张小敬很不羁，易烊千玺扮演的靖安司丞李泌一脸正气。
西年,河北邯郸,推荐,2019-06-27,唐朝只有道士的簪子是竖着插，很少有剧组会注意到这点，所以这部剧的道具是真的用心，下了功夫研究的。服装化妆也都精致。一个最多时有上百个群演的组，每天出妆7小时。
宇宙飛行士.,北京,力荐,2019-06-27,服化道、配乐、摄影、打光、整片电影质感都绝了，开头的一镜到底真是盛世长安啊！剧组在细节上的处理非常用心，李必头上道家芙蓉冠子午簪的特色插法，棺材铺里摆放唐三彩等。主演方面彼时17岁还未系统学习表演的易烊千玺演技竟也不输，李必仙风道骨运筹帷幄心怀苍生，雷佳音不羁野性十分带劲，此剧着实良心
吹哥,湖北仙桃,推荐,2019-06-27,"期待这部剧很久了，感觉唐朝的还原度非常高，装饰的道具都很真实。剧中人物的服装非常精致，就是漂亮。每一帧画面都很有质感，看得出来是大制作，画面的色调也非常好，看得很舒服，拍摄时镜头也不晃，都是大场面的感觉，随便截图一张都可以保存的那种。制作组的布景不错,没有发现bug。"
噗呲噗呲好多鱼,上海,推荐,2019-06-27,《妖猫传》之后在电视剧里面看到这么精致的盛唐太震撼了，能播出真是2019古装剧的华采。以雷佳音的张小敬和李必为中心的群像剧，有悬疑色彩，但更多的是不灭的赤子之心。很有诚意的国产精品作。
使君子,浙江杭州,推荐,2019-06-27,能在2019看到这部戏简直是人生之幸，雷佳音的张小敬是少见的不想笑的角色，看着一身杀伐气就知道他拼的有多值。拿到好剧本的曹盾宛如开了挂一样，实力派×潜力股，这个配置，绝了。
幻期颐,北京,力荐,2019-06-27,"摄影 选角 服化道，我都非常可可可可！
这个电影质感我可太爱了，雷老师的张小敬好带感，四字弟弟的表演也接住了，台词眼神都很不错，期待后续。"
佛魔皆由我,上海,推荐,2019-06-27,草灰蛇线的几集，节奏稳的一批，很少见这么大部头扎扎实实的古装剧了。雷佳音演的很拼，易烊千玺难得的hold住了，作为四字弟弟第一部影视作品，这个成绩单交的相当漂亮。
要开心呀！,湖北武汉,力荐,2019-06-27,终于播了，从2017年官宣开始，我就在期待了！没想到雷佳音古装也这么合适，易烊千玺的气质也非常适合李泌。
摇摇七喜,陕西西安,力荐,2019-06-27,一天内拯救西安终于上了，不枉我等了这么久，这个剧太符合我的口味，服装造型场景设计以及台词太吃的下去了，演员选的也好，雷佳音把张小敬演活了每一个眼神动作台词我觉得非常到位！易烊千玺把李必高冷清净端正的感觉演出来了，好多人说弟弟台词不好，确实跟老戏骨比稍显稚嫩，但是也能看到他的努力。这部剧我吹爆每一位演员和幕后制作人员感谢你们还原了长安，西安人听着坊名地名倍感亲切！
香草吧噗,,力荐,2019-06-27,期待已久的剧终于开播了！好喜欢呀！易烊千玺的表现很惊喜！
谋杀游戏机,北京,推荐,2019-06-27,期待好久，终于上了。早前很好奇国产剧能不能拍出美剧24小时那样的情节密度和紧张节奏，《长安十二时辰》做出一个很好的表率。雷佳音饰演的张小敬也是个很特工片范儿的反英雄主角，放浪不羁智勇双全戴罪立功，热血冒险、悬疑破案等元素组成多线叙事。几位主演演技都在线，易烊千玺古装好看。
你温柔的爸爸说,北京,力荐,2019-06-27,服化，道具，画面，配乐，演技，剧情，就两个字，太舒服了！
thunder,陕西西安,推荐,2019-06-27,长安生活画卷的写照。一直觉得易烊千玺长得挺高级的，可能在电视剧上的适配度会低一点，没想到还不错。对标《24小时》的长安营救计划，主题上就争分夺秒，节奏hold住了就成功了一半。这次曹盾，夸就行了。
Litte bai,北京,力荐,2019-06-27,"等了好久终于等到今天，真的是官微所说“佳”期已至，欣“玺”开播了！在喜马拉雅上听了二十多集的广播剧今天看到正片感觉很不错！早就听说剧组对服饰和一些礼节很考究，今天一看，果然服装道具置景都好精细，打光和画质也很高级了！一点不出戏，令人惊喜的是四字弟弟，真的有种少年老成运筹帷幄的气质，台词功力也不错，铿锵有力有起伏顿挫！对待老师和对待张小敬的不同态度把握的也特别好～我要追下去了！！
看完了  这个分可以再高一点"
鸿歌,江苏南京,推荐,2019-06-27,借古喻今题材，一开篇的强情节冲突，就足够抓人眼球。危机之下的生死时速，本来以为更适合改编电影，但没想到剧也不错。故事讲的更清晰了，格局也撒的更开，网已经铺下了就等待收拢，结局我拭目以待。
风潇潇,,推荐,2019-06-27,没想到易烊千玺的台词居然还不错，整部剧画面精致，场面瑰丽，值得四星，看后期剧情如何了
恶魔法则,,很差,2019-06-28,请问易烊千玺的台词怎么回事？不看字幕听得清在讲什么吗？能不能别闭眼吹了？吞音重成这样还不配音是在坚持什么？坚持毁剧吗？面部表情能不能丰富点？就板着一张脸毫无感情背台词的感觉。就这还能当男二呢？
阿珂,浙江杭州,推荐,2019-06-27,李必可能会成为我2019最喜欢的一个天才少年的古装角色，易烊千玺的镜头感很好，天然的共情力弥补了演技的青涩，未来可期。
风都知道,福建福州,推荐,2019-06-27,对长安的细致描写成就了这部小说的写作高度，对长安事无巨细的精致还原从打一开始就在品质上赢在了起跑线。难得是演员选择也过硬，节奏把控亦得当，细节捕捉的很好，不愧是2019第一古装剧。
恶魔法则,,很差,2019-06-28,请问易烊千玺的台词怎么回事？不看字幕听得清在讲什么吗？能不能别闭眼吹了？吞音重成这样还不配音是在坚持什么？坚持毁剧吗？面部表情能不能丰富点？就板着一张脸毫无感情背台词的感觉。就这还能当男二呢？
雷小强,,较差,2019-06-27,看了一会实在看不进去了，雷佳音演什么都是丧丧的，水货营销咖
黑道少女沈來迟,"凯里, 黔东南",推荐,2019-06-27,玺弟台词过关，长镜头运用迷人，值得一看！
一梦几十年,江苏徐州,很差,2019-06-28,台词都说不清楚……
你温柔的爸爸说,北京,力荐,2019-06-27,服化，道具，画面，配乐，演技，剧情，就两个字，太舒服了！
城北许公,山东青岛,很差,2019-06-28,易烊千玺可以做到台词永无起伏  他那份粉丝引以为傲的不动声色在演戏上  不知道是好是坏啊……
会有猫的,,较差,2019-06-28,原谅我不看字幕听不清说啥，台词又没感情，你说当他念书吧，可念书也得让人听清讲啥吧，演的个啥玩意
酵母菌先生,四川成都,很差,2019-06-28,"看了12集。
然后翻了翻影评。
我的妈呀四字粉评控做的很全面啊，连服化道的细节都抠出来了
但这跟四字本人没气场演技烂有关系吗？
作为看过原著的观众，这部戏做到了一个神奇的效果，
那就是看过原著的观众，和没看过原著的观众，
都没法入戏。

说服化道细节牛逼的，
来来来，，
你们知道高岭土烧到1200℃才会变成瓷器吗？
你们知道我们国家直到宋朝，
才有标准意义上的瓷器吗？
那靖安司指定饮品为什么是瓷器装的啊？"
[已注销],,很差,2019-06-28,美四的台词太绝了
shininglove,北京,较差,2019-06-28,和《海上牧云记》制作基本持平，服化道烧钱堆砌，过度追求形式感，戏核缺乏打磨，听一句台词，看一眼剪辑点，就知道手艺没吃透，勉强糊弄不看美剧的观众。
徐若风,浙江杭州,推荐,2019-06-27,与传统的古装剧在气质上有很大差别，不仅杂糅了诸多类型元素，而且设置了“十二时辰”的时间限制与“长安”的空间限制，每集片头都提示时间，由此凸显出了剧集的核心概念。雷佳音饰演的死囚张小敬、易烊千玺饰演的少年李泌构成了双男主叙事，紧凑的结构与有趣的人物关系也随之展开，节奏快、细节制作精良。目前看来，值得持续观望。
弋痕夕,广东深圳,推荐,2019-06-27,和书一样行云流水的节奏，配角在前几集挨个登场，但完全不慌乱。谜团一环扣一环引人入胜，近几年最好的大唐文化剧。
Litte bai,北京,力荐,2019-06-27,"等了好久终于等到今天，真的是官微所说“佳”期已至，欣“玺”开播了！在喜马拉雅上听了二十多集的广播剧今天看到正片感觉很不错！早就听说剧组对服饰和一些礼节很考究，今天一看，果然服装道具置景都好精细，打光和画质也很高级了！一点不出戏，令人惊喜的是四字弟弟，真的有种少年老成运筹帷幄的气质，台词功力也不错，铿锵有力有起伏顿挫！对待老师和对待张小敬的不同态度把握的也特别好～我要追下去了！！
看完了  这个分可以再高一点"
死亡幻境,,很差,2019-06-28,尴尬的剧情
丸子酱,上海,力荐,2019-06-27,他来了他来了，千玺弟弟他来了
⛔️,上海,很差,2019-06-28,四字台词也太差了，跟雷佳音这种实力派对戏，台词，演技都被碾压的渣渣都不剩
我爱罗宾,北京,推荐,2019-06-27,震惊，这个品质不输美剧啊。从镜头感到剧情张力都甩开市面上大部分作品几条街，细节处十分用心，年代感的台词，历史道具的还原代入感特别好。两个主角表现优秀，感叹四字弟弟的可塑性真强，期待看到他大银幕的作品
卡夹,江苏南通,很差,2019-06-28,讨厌易烊千玺
豆包君,北京,推荐,2019-06-27,从去年拖到今年，本来以为我的期待值会被消磨掉，但看了片子，真的很惊喜。四字弟弟的眼神在线，节奏在线。
ECHOT,辽宁大连,很差,2019-06-28,希望越大失望越大，一口气看了四五集，不知所云，画面很美，只不过给B站剪辑手提供了很多空境素材，根本不会讲故事，讲不好故事台词真的罗里吧嗦有的人让人出戏，雷佳音还可以但也没达到预期，画面再好有什么用，故事还是烂故事，浪费了好本子，这个本子拍电影就足够抓人心，非要罗里吧嗦讲长篇注水
阿罗,,较差,2019-06-28,不会继续了，太丑了。
咕叽咕叽,湖北武汉,较差,2019-06-27,太太太太太太过于装逼了，剧情完全没重点。无聊死了
少年派,"Paris, France",很差,2019-06-28,台词太差了，完全没有起伏，出戏
月浅思念深,北京,很差,2019-06-28,不喜欢
掉线,北京,推荐,2019-06-27,摄影太赞了，构图和色调真的是如盛唐画卷一般，无论是细节还是大场面都看得出背后制作的用心和规模。故事时间限定在十二时辰当中，快节奏的剧情让人很有追下去的欲望，第一集便用案件架设了悬念。易烊千玺和雷佳音的表演也都不错，这个剧真的很可！
蓝悦,上海,较差,2019-06-27,一群老戏骨陪着一个小孩玩儿，还是没法把小孩的台词念好，这没有感情的咬文嚼字听得人昏昏欲睡
麦兜麦兜,河北唐山,力荐,2019-06-28,昨天开播就迫不及待打开电脑开了  毕竟等了很久的电视！电影质感的画面，没看过小说的人估计看不懂，雷佳音演的不良帅还是有演技的，一口气看了6集  今天继续约起来！！！
念想,,力荐,2019-06-28,本着“饭圈思维”的丑恶嘴脸的这种人我觉得也不配看这种剧 恐怕是也看不懂吧 我只能说贺知章告老还乡和小乙那里真的打动我。 惭愧的是我是文科生，历史却不好，看了这个我真的想好好了解我们五千年文明历史。各位黑粉真的幸苦了。
二十二岛主,,推荐,2019-06-27,今天这部剧突然开播算是近期为数不多的好消息，也算是弥补了本该在今天上映的一部电影的空白。和预期完全不同，很久没有看到唐文化如此考究的古装剧，台词、布景、故事都完全史实向，唐服、鬓发、官职、称谓、风土人情，看得出来是下了很大的前期准备功夫。上次看到这样的剧好像还是《贞观之治》。从电影质感角度来说，最惊艳的是几个长镜头，看来导演是按照电影的拍法和节奏来拍这部剧。雷佳音韩童生等戏骨的表现自不用多提，许久未见的千玺表演也更加成熟了，值得继续观望。
白竹,浙江宁波,推荐,2019-06-27,看过了飞鱼服绣春刀裴纶的聪明圆滑，再到狠厉霸气的五尊阎罗张小敬，没有一点出戏的感觉，厉害了！
豆瓣九组,北京,很差,2019-06-28,没什么演技
冬末夏初,,力荐,2019-06-29,本来是想给4星的，看到这么多一星就很奇怪，这不是个一星的剧。不管是不是粉丝，客观点是对自己好。多给一星，一半给鼓励，一半给幻想的长安城
风舒云卷的天空,,很差,2019-07-19,我不喜欢
时擦,"Kābol, Afghanistan",推荐,2019-06-27,古装剧标杆，短剧集强冲突的盛世长安冒险，质感太棒了！一面是上元佳节的繁华气氛，一面是危机丛生的阴谋诡谲。看了几集，满是匠心，国产剧能够真正做成华剧，指日可待。
把噗,北京,推荐,2019-06-27,年度第一良心国产古装剧。开头几段长镜头极尽影像美学，调色和构图很有电影质感。场景、道具、服装……十分考究，还原了一个盛极而衰的大唐长安。雷佳音的表演有意想不到的反差，千玺弟弟真的可以，演技到位，惊喜之上。
11点喊我睡觉,浙江杭州,力荐,2019-06-27,期待已久的剧终于播了！刚看完两集，来说下感受。曹盾不愧是干摄影出身的，网剧拍出了电影的质感，道具一点儿都没敷衍，色调也很舒服高级。雷佳音演技真的牛逼，不光是台词，他的很多细节处理，都相当不错。易烊千玺挺让我惊喜的，没想到他台词这么稳，形象也很符合，接着追剧啦！（后期如果剧情崩了会改分哦）
阿梨呀,北京,很差,2019-06-28,？？？？？丑
刘十九,北京,推荐,2019-06-27,这个大唐还原的真的可以，爱了，剧质感也很好，等得值得！
小融资,,很差,2019-06-27,台词尴尬表情僵硬
嘟嘟熊之父,北京,推荐,2019-06-27,第三集渐入佳境，调度行云流水，剪辑声东击西。巨大的台词信息量注定了它的观赏门槛，遗憾还未看到人物，可继续追。
大屯路的劳伦斯,内蒙古鄂尔多斯,力荐,2019-06-28,先不说一口气更新12集这样的良心举动，古装+反恐+破案+官斗有一个全新的故事质感，镜头、服化也都秉承了曹盾一贯的精致大气。选角的上，易烊千玺和角色的气质很合，雷佳音也没有搞笑的光环，特别要提一下演鱼肠的李媛，造型实在是太帅气了。
万寿路拓海,北京,力荐,2019-06-29,本来就想给五星。看到诸多无脑黑，更要给高分！无数细节把控还原一个真实的大唐（比如开篇镜头中长安的“明渠”等等）；且单说片中女性正正经经的唐妆，其真实性就超越了无数唐代题材的影视作品。更别说电影般的光影质感，和颇具代入感的长镜头拍摄。在摄影水平过硬的情况下剧本和演员也并不逊色，惊喜看到了辉叔！不可否认，台词上确实有许多对观众不友善之处，在商业作品的背景下显得太刻意追求还原时代特色了，不过瑕不掩瑜，好作品，值得高分！再提一下无脑黑们，比如什么“一看到雷佳音就想起前夫哥”然后就能给出两星也是够了。评分、语言，都是是观众手中的刃，别让你的“一时痛快”抹杀了创作者的努力。有脑评分，和谐观剧～
艮艮,,推荐,2019-06-27,终于有一部期待的剧播出了，太难得了！画面服化道也太棒了，整体节奏UPUP的快，让人恨不得一天看完全集。长安城里，看似平静的世道啊，早就变天了。
轻举绝俗,,推荐,2019-06-27,服化道和场面的升级不是通过牺牲剧情的完成度来达到的，这点忒赞。前几集都在埋线铺开一重天罗地网，然后渐渐收紧的氛围我超级喜欢。箭在弦上一触即发，张小敬和李必，就是拿着弓的那个人。
吾皇万岁,北京,推荐,2019-06-27,唐朝晏景，上元一日，烟火人间。梦回大唐，制作精良，重现繁华盛唐。呈现出来的画面很有真实感，盛唐时期的妆容很有层次感，易烊千玺的演技也同样有进步。4星＋
咯噔文学院院长,,很差,2019-06-28,丑。。。
Fan,浙江杭州,很差,2019-06-27,本来就烂尾了 现在又魔改成什么样了
孔鲤,北京,推荐,2019-06-28,李泌对帝国的认同来自这个帝国的名字叫做唐，张小敬对帝国的认同来自这个帝国有着自上而下的机制能够保护像张小敬以及更弱小的人，这两种对帝国的不同认同在《长安十二时辰》里达成了共鸣，这也是历来对帝国认同的差异性的平衡点。平衡点一旦偏移，便是安史之乱与晚唐。
凌天大帝,,较差,2019-06-27,说实话，看过小说，对于雷佳音演男主一直不认可，现在电视剧出来了，果不其然，头太大，痞子气浓，根本演不出原著主角的那种狠厉的气质。导演叙事能力在海上牧云记和治愈者这两部剧里面已经完整展现了。节奏感把握不好，叙事不够明确，看电视剧晦涩是最不能接受的。二星给服化道和摄影（算是給曹盾面子）
good luck😇,四川成都,较差,2019-06-28,好难看 易烊千玺原来也照骗
人间霸王花,江苏南京,较差,2019-06-28,四个字哪里像钟鸣鼎食之家的公子啊，简直是世家大族的跑腿小弟好么，完全没有贵气，选角失败透顶，为什么要向流量低头
齐天大圣,河北张家口,较差,2019-06-27,颜控的我表示很失望。
德嘉,,很差,2019-06-28,Emmmmmmm颜值劝退
有枝不蔓,湖北武汉,较差,2019-06-28,无聊
ALLEN,福建福州,很差,2019-06-28,一星给服化道，华丽外表之下的空虚
听雪先生,广东广州,力荐,2019-06-28,"不枉我们等了这么久！灯服道效化都是极高的水准！和原著相比，略有改动，都在情理之中。演员的演技都无可挑剔，看到韩童生，雷佳音，周一围这些名字，就让人安心。张小敬回忆不良人往事一段，让人直接泪崩。这部电视剧必定高分！顺便怒赞马亲王！

再说一句，那些打一星的人，你们长久以来被眼疾和疯症所折磨，也是很可怜。吾有一方，可医君疾，秘传阁下，切勿外泄:砒霜四钱，以河豚血调和，搓之成丸，温开水送服即可。"
zero,上海,力荐,2019-06-27,良心剧，电视很有质感，千玺台词还可以不是很出戏，老戏骨台词功底真好
爽歪歪/56,,很差,2019-06-28,烂剧呵呵呵
我是高级的跳脚,,很差,2019-06-28,雷佳音演技吊打另一个，没演技长得丑的另一个天天夸上天，一到剧里现原形，台词太差了，演技三脚猫
灵儿,,很差,2019-06-28,我不行了易烊千玺好丑……还没这个水平干嘛挑这么大梁子，真的不行
游女,,力荐,2019-06-27,易烊千玺的演技意外的不错。
yyyyy,,力荐,2019-06-27,嗯看完了之后感觉最后的剧情稍微有点拖，但这个暑假档都是烂片的情况下，这点瑕疵也可以被忽视掉了，国产剧集继续加油！
七色阳光,,很差,2019-07-19,并不好看
agynesslfr,重庆,力荐,2019-06-27,比想象中好很多，剧情紧凑，人物立体，雷佳音演的比我读书时认为的张小敬更像一个实实在在的人，千玺的存在是最大的惊喜，是那个天才又自信又志向宏大的李泌，值得期待。
z,浙江杭州,很差,2019-06-28,不太敢说 但是易烊千玺真的不好看啊……
程博衍的杂豆粥,,力荐,2019-06-28,一⭐两⭐的是跟主创有多大仇啊😒至于吗ps.好不喜欢看谈恋爱，不爱看张小敬跟檀棋，张小敬跟闻染，龙波跟鱼肠…妈的鱼肠为啥是个女的有人告诉我吗:）
悬丝傀儡,北京,很差,2019-06-28,一星
食肉小野马,北京,很差,2019-06-28,叙事很糟糕，糟蹋了一个本来很好的故事，浪费了那么多钱、那么好的演员。1集弃
怪兽老子,上海,很差,2019-06-28,不符合我的看剧要求，不喜欢
抖森夫人,上海,很差,2019-06-28,易烊千玺台词是真的差 面部没有任何起伏 表情也控制的很失败 实在是颠覆以往对他好的印象 小荧幕都这样了。。。
candyli,北京,力荐,2019-06-27,开场惊艳极了，真正的电影质感。比起《妖猫传》的长安盛世也毫不逊色，大气磅礴！低饱和度的调色增强了历史的厚重感，更容易入戏，运镜是教科书极别的，近景远景的切换自然巧妙，国产剧中难得一见。四字弟弟的原音好评，超大段的台词用他最舒服的状态说出来非常自然，小公子未来可期！
农燕萍,,很差,2019-06-28,真啰嗦
全国平安平安,广东广州,很差,2019-06-28,弟弟真的不适合古装啊……
很好很会吃米,"Vancouver, Canada",力荐,2019-06-28,都！给！我！去！看！第六集！！！！！！！！！！！！！！！
妖妖灵,,很差,2019-06-28,呵呵
新垣结衣,湖北武汉,很差,2019-06-28,一颗星都不太值呢
小汤圆,,很差,2019-06-28,拍得太烂了，真的不好看！
重生,北京,很差,2019-07-01,呵
张凯Jacky,,很差,2019-07-06,装模作样，故弄玄虚
梦想家,,较差,2019-06-28,看了两集，实在看不下去了，这样的剧情实在，吸引不了观众
柯基,上海,很差,2019-06-28,唉，不喜欢就是不喜欢
jhffhj,广东深圳,力荐,2019-06-28,我是马亲王的忠实粉丝，特别喜欢这部小说，作为小说原著粉来说，这部剧还是满意的，班底不错，用心在制作，服装质感好，画面精致，演员演技在线，我会一直追下去。
小江湖骗子林羽竹,四川成都,力荐,2019-06-27,太好看了！剧情紧凑，没看原著还略微有点儿跟不上。居然极其低调的一次性放出十二集……做这种剧集优酷才能成为网飞啊。有原著加持就已经成功一半，摄影、动作、美术和配乐实在过于出彩，看雷佳音飞檐走壁有几刻还真是想到《绣春刀2》了。易烊千玺演得还可以。唯一不足之处是，看得出因为预算原因和剧情原因，比如长安大街和建筑场景还是小气了一些。韩国今年有《王国》，国产古装剧今年不出意外应该本作是最佳了。其他6分以下的国产剧还不赶紧以死谢罪
宥茶,福建厦门,力荐,2019-06-28,毫无疑问，这样的IP剧拍得再好，键盘侠也不会认可和点赞的
弥桥,湖南长沙,力荐,2019-06-27,"突然开播？！豆瓣提醒我有播放资源了我还不敢相信！
总体，不负期待。服化道很棒，目前剧情走向很紧凑，只希望后期剪辑友好。
四字弟弟，大头叔叔（雾）冲鸭！"
紫竹缘林,河南郑州,力荐,2019-06-27,雷佳音的演技是公认的实力派，而他在这部戏里我感觉又升了一个档次，易烊千玺在拍这部戏的时候还没进入中戏经过专业且系统的学习，所以在这些老戏骨面前确实可能有些青涩，但在剧里绝不出戏，有的点，眼神很有感觉，有戏，也演的很有感染力，所有人都是用的原声。记得当时看原著的时候，每一章每看一遍，感受都不同
碧桐,,很差,2019-06-28,易烊千玺的台词和演技差，雷佳音的大头，太丑
凹凸,上海,推荐,2019-06-27,"《绣春刀》之后又看雷佳音演古装剧，台词功力太厉害，一开口就是戏。
有被制作惊艳到，光看开场的长安城长镜头就知道出手不凡，之后一段室内打戏的穿墙长镜头更是调度惊人。不仅摄影构图和后期滤镜考究，配乐和服道化也都是电影级的精良制作，现在连网剧都这么有水准了么？
头几集就铺了个大局，先给四星，持续观望下。"
我们不怕,,力荐,2019-06-27,等了好久 曹盾一雪前耻 节奏 画面 情节都是顶级 周一围的反派狠绝  孤傲 充满魅力
你说啥,广东广州,很差,2019-06-28,把原本的小说缩短了那么多，结果剧情还是不知所云，演员除了雷佳音外都让人难以忍受，雷佳音也没有在电影里那么出色，现在的改编网剧真是让人堪忧
D,,很差,2019-07-01,易烊千玺……
19个喜欢,,很差,2019-07-17,嗯??在干嘛
落tear爱,,很差,2019-07-07,yyqxtaichoylw
不知道用什么ID,,较差,2019-06-28,看了两集，这两星是给雷佳音的，另一位台词真的差，和雷佳音的对手戏，被秒成渣。
waterfall,,很差,2019-06-28,台词太差了
ewe,,很差,2019-06-27,佳音和一围两个油腻男挺登对。
桐荫,浙江杭州,力荐,2019-06-27,"开篇一个长镜头下来就是烟火气息。盛唐绝对不仅华丽的珠翠和威严的冕旒，市井的炉火和声嚣也很吸引人，游侠和僧侣，贩夫和走卒的日子，谋划和追捕，扣人心弦
如今能上映这是皆大欢喜。"
clairo,四川绵阳,较差,2019-07-04,四字好丑
北海道的秋刀鱼,"Dresden, Germany",较差,2019-06-28,不好看。
烛息,浙江温州,很差,2019-06-28,期望过高 一言难尽
敕令梦,,很差,2019-07-24,不必了
吃胶片的考拉,北京,推荐,2019-06-27,超出预期太多，完全是惊喜。制作层面完全不含糊，今年到目前为止最“好看”的国剧。第一集很棒，看得出情节设置的精巧，没看过原著的话，非常期待故事走向。两位主演都有加分，雷佳音就不说了，是真的没想到易烊千玺演技这么成熟，刮目相看。
给爷跪下,黑龙江哈尔滨,很差,2019-06-28,看着真累，易烊千玺台词像嘴里塞了袜子，不看字都不知道念的啥经，跟周杰伦有一拼了。
[已注销],,很差,2019-07-02,装神弄鬼
山河如梦,,很差,2019-07-19,看到第二十三集就看不下去咯
小仙阿白,上海,很差,2019-07-19,真的不怎么样
kleinblack,湖北武汉,很差,2019-07-20,典型高开低走，疯狂想捞回投资的放水之作
🍑peach,,很差,2019-07-20,好难看
Xellos_s,,很差,2019-06-30,别再吹了。
嗯,上海,力荐,2019-06-28,作为书粉和历史爱好者，不得不夸一下剧组的服化道，还有打光摄影等，好几个长镜头和一镜到底，看着真的很爽。演员方面几个老戏骨自然不用说，易烊千玺的表现也足够惊艳，这部戏的拍摄时间是17年，那时候他应该才17岁，有这样的表现真的足够惊艳。特别是原声出镜，说那么长的台词，但说话的语气，表情都非常好
唐僧洗头爱飘柔,,很差,2019-06-30,就易烊千玺那张脸，反胃
刘思楠,云南昆明,很差,2019-06-28,小鲜肉的台词功底不忍直视
我太难了,重庆,力荐,2019-06-27,"看了前几集，感觉很不错。
两人对峙那场戏，很有质感，让人入戏。
雷佳音的演技绝了，特别期待后面的剧情，不是一般的精彩。
易烊千玺的表现让人眼前一亮，继续加油。
一大段一大段的古文听着好爽，我爱古文，很有感觉。
演员们都用的原音，听着很舒服。
细节到位，演技在线，台词古文。
一起期待吧，看好这部剧。"
琢磨,北京,很差,2019-07-05,简直了
一片朦胧,,很差,2019-07-02,易烊千玺也太丑了吧，口区
风子on the way,,很差,2019-06-30,。。。太可怕了
yancy,"Kuala Lumpur, Malaysia",力荐,2019-06-27,"是我喜欢的题材。是我喜欢的导演。里面3个主演都是我比较喜欢的。非常期待。希望编剧给力。不要把它变得拖泥带水

我绝望了。它60集😭编剧如果能把每一集都能做满了必须要超级厉害吧

看了。节奏没有我以前想的脱泥带水！不专心看会跟不上！满意了！

易烊千玺意外的不错。雷佳音一出声就很抢耳。意外发现他声音很有磁信很好听"
杨公子的黑,北京,很差,2019-06-29,太能装了
夏天的风,辽宁大连,很差,2019-06-28,劝退，不好看
草原上的马,,力荐,2019-06-28,这电影级别的制作我真的服气了，演技摄影节奏简直不要太好，目前为止我看到的最好的古装剧
Hideo,"P'yŏngyang, North Korea",推荐,2019-06-27,先说优点，服化道是完整的，近景也没露怯，可以把人拽入到时代的氛围里。调色和一些运镜和节奏有电影感，大部分人的表演也没有拖后腿，台词文本层面不出戏，信息量也足，比片汤儿话一堆水日常的戏要好得多。再说缺点，一切都显得太干净了，不够脏。我希望在城门上看到磨损和灰尘的痕迹，人均(包括阶下囚)一口大白牙让人对那个时代的牙科水平惊异。这剧还有一个让人心生好感的地方就是，没有拍得又臭又长，要是五六十集，那可真一点想看的欲望都没有。
预谋邂逅,上海,很差,2019-06-28,美四真的，这张高级脸哟，安心做个杂志咖不好吗。
黑色星期五,,推荐,2019-06-27,剧的制作还是很良心的，雷佳音表现不错，易烊千玺的表现倒是让人惊喜。
可爱的一只喵,American Samoa,很差,2019-06-29,他就是败笔
大权,,很差,2019-06-28,因为易烊千玺的演技 所以给一分
大白,吉林长春,很差,2019-07-02,恶
今天奶茶去冰吗,广东广州,很差,2019-06-28,太难看了这都什么
已注销,北京,很差,2019-06-29,看不下去了，易祥千玺长得好丑啊，台词说的黏糊糊的，有气无力，还有讲话竟然喷口水！！！！！好恶心！雷大头怎么忍下来的？？？？
骤雨至,,推荐,2019-06-27,先前看小说的时候就觉得这是一个非常适合改编成影视作品的故事，只要遇上靠谱的制片方就一定不会难看，老早就期待着了，所以剧集一上线就看起来。记得最开始设定成48集，看到的时候还抱怨肯定又要疯狂注水了，现在删减成26集了？那看来也不会拖沓，还真的挺不错的。很喜欢开篇用一曲小调引入的形式，长安人情图中暗藏着怀有狼子野心的外族贼子，喜乐与繁华里是足以颠覆王朝的危机。如此长安，怪不得有这么多人愿意舍了身家性命倾尽全力去保护。雷佳音一直是我喜欢的演员，剧集中删除了张小敬瞎了一只眼的设定，但并没有削弱他的狠戾和果决。易烊千玺倒是还挺意外之喜，没有初次演戏的生涩，诠释得挺不错的。
又酷又嗲,,很差,2019-07-24,又臭又长
柠檬树下,北京,力荐,2019-06-27,看了十集。改编走心，演员专心，舞美用心，古装剧里少见的良心剧。易烊千玺的扛鼎之作，从出现在镜头里的那一刻起，就令人刮目相看了，面对十七岁的自己，他真是太赞了👍。
爱情雨,湖北武汉,很差,2019-06-28,不行
狗屎诗人,北京,很差,2019-06-28,"看到导演是曹盾这货，看过他的海上牧云记对长安十二时辰基本不报希望了。
可惜了这么好的小说
今天看了一集，不愧是曹盾，成功在十分钟内毁掉了原作最大的闪光点。"
不想起床,,力荐,2019-06-29,有的人非得打一星来显示自己的逼格？
呼吸呼吸,浙江杭州,力荐,2019-06-27,看完了前面12集，现在很疑惑到底谁才是内奸！
Akimoya,上海,力荐,2019-06-27,李泌好酷！！易烊千玺好帅！！！我感受到了我的爱情
圆滚滚是我哟,,很差,2019-07-02,有点尴尬
七杀场,北京,力荐,2019-06-27,感觉没港台的掺合，大陆班底慢慢走回正轨了！
赫塔费发挥嘉宾,广东深圳,力荐,2019-06-28,马亲王原著粉！真是太喜欢雷佳音了，是那种很不羁的感觉，本来以为会和原著对比有违和感，但是我觉得超级带感啊，看不够！
二氧化叹息,,较差,2019-07-20,天呐，一泻千里
言儒语,,推荐,2019-06-27,开头就让人感觉到了物服道化，造景取景，都是有极好的还原配合着色调有制作精良之感，男主是与众不同的，他行动力强，有智慧，冷酷不择手段却心系苍生，而男配智慧与权利，年轻，主配之间形成了一种隐形而鲜明的对比，从开篇铺垫来看，是一部相得益彰，值得继续看的剧。
👌,北京,较差,2019-07-19,画面确实很像电影，但是看不下去啊！！！评分为啥这么高
美宣,,较差,2019-06-28,两分冲着雷佳音演技打的 其他的一言难尽
荒原光光,"Kābol, Afghanistan",力荐,2019-06-27,淑芬表示真的太满意了，是我要的怎么都死不了的男神张小敬，是我要的大唐盛世长安一百零八坊！色调太棒了，服化也很棒，情节紧凑，真烧脑啊，错过一秒感觉就容易错失剧情。
？,上海,很差,2019-06-28,真的挺乱的，没有追下去的感觉了
民事执行处,,力荐,2019-06-27,"易烊千玺台词口条好他妈棒啊啊啊啊啊啊啊啊
这服道化简直是电影级别了！！！！"
百里即墨殇,北京,推荐,2019-06-27,电影质感，剧本的台词算考究了，服装道具色调布景都可，第一集提审雷佳音四字弟弟长串台词发挥出色，情节暂时是按书在逐渐铺开了，继续观望
钱浅,江苏无锡,很差,2019-07-20,事实证明对一部剧评分，要看完了再来。
已注销,湖北武汉,很差,2019-06-28,演技也太烂了吧…………
yinan,北京,很差,2019-07-04,看得我直恶心
zts,"乐清, 温州",推荐,2019-06-27,盛唐文化大放异彩的热血悬疑剧，游刃有余的长镜头调度尽展盛唐皇城恢弘气象，多线并进的叙事手法徐徐拉开一场神秘阴谋的序幕，望楼鼓点声中全城戒备，佳节花灯影下杀机四伏，盛世长安的繁华和凋敝在同一幅画卷上展开。可以说，《长安十二时辰》为古装国产剧如何呈现写实风格的古典质感，与怎样兼顾艺术水准和文化内涵做了出了优秀的表率。
罂粟,American Samoa,推荐,2019-06-27,刚看两集，总体观感不错，道具制作精良，布景用心，整体电影即视感，尤爱雷佳音的张小敬，隔着屏幕都能感受到那股子戾气匪气，唯一的不足是演员的形象气质，李必和曹破延这两个内涵丰富的角色都没有演绎出原著丰满的感觉，配音是头号杀手。
肉嘟嘟,北京,力荐,2019-06-28,看了几集，对原著的还原度还是很高的，剧情节奏也不错不拖沓。易烊千玺的原音台词听着太棒了演技也及格！不过雷佳音有点颠覆以往的有点逗比的形象，很有爆发力！继续追！
已注销,江苏南京,较差,2019-06-28,服化道很好，节奏把握的不错，但四字弟弟台词真的不太行，看不下去...
森雷滴伐,上海,推荐,2019-06-27,看了开头，质感真心不错啊，画面长镜头的运用，整个片子的色彩都非常赞。希望演员的表演同样出色，目前看来挺棒的
追光者,,力荐,2019-06-29,《长安十二时辰》这部剧真的是难得一遇的好剧，制作精良，演员的演技更是爆表，最让我惊喜的就是台词用的是原声，这一块真的非常加分！易烊千玺这小孩儿真的牛逼了，那么多那么长的台词，他的那个角色真的不是一般的小鲜肉能演的了的！看网上说，拍这部戏时，弟弟好像才十七岁，我的妈呀，十七岁，我那会好像在读高中！而人家弟弟已经演了这么一部牛逼的大剧，佩服佩服！真的良心推荐这部剧！如果国产剧的制作都能像这部剧看齐的话，国产剧的水平绝对会上一个新台阶！
名井南,"London, United Kingdom",力荐,2019-06-27,看了两集太好看了 好紧张的节奏 雷佳音演技好棒啊 易烊千玺竟然也很好还用了原声 这个剧的色调和镜头运感都好棒
理想蔚藍,上海,力荐,2019-06-28,精致！长安反恐24小时！
嘴巴嘟嘟,四川成都,力荐,2019-06-27,终于来了，看了第一集，先马一下，质感真的超级赞，主演演技都很好，原音好评
逆骨,,力荐,2019-06-27,台词、布景、细节、服化、收音、原声，包括原本担心的节奏都跟上了，大头和四字演技都在线，客观说四字台词还需打磨，但不妨碍这部剧好看呀。
聿的记忆是几秒,甘肃兰州,很差,2019-06-29,尴尬死了，整个一个面瘫，台词跟背诵课文一样。
kdka,,很差,2019-07-19,朋友打开电视，说最近媒体宣传的高质量剧。于是顺眼看了一集。很做作的装逼感。不自然。完全没有营销吹的那样好。雷佳音男主还行，但那个男二小鲜肉难看不说，还很阴森森的样子，当人看这不舒服。
烧焦的鱼,"Nairobi, Kenya",力荐,2019-06-27,很有质感的国产电视剧  制作很惊喜 演员台词和表情都很到位 看过原著  期待后面的剧情
腿麻了,,较差,2019-06-27,马亲王真的惨，第三次毁在导演身上了。曹盾能不能去拍风物片我求求他了！
Catherine,,还行,2019-06-28,四字太照骗了
Chestnut.,浙江宁波,力荐,2019-06-28,服化道美呆，长安众生相拍的太好了！！！吹爆大头演技！四字竟然表现的还8错。
不吃香菜,,较差,2019-06-28,不可。。。易烊千玺让我有点失望
Iris_Z,,还行,2019-06-27,和天盛长歌一个毛病，不能说他不好，拍得很考究，讲话也文绉绉，就是没有看下去的动力，矫枉过正，若是电影，还能耐着性子看一个半小时，可是电视剧就显得又臭又长，看得只想睡觉
Zoid,天津,很差,2019-07-06,吹过头了
🌈東林Doning,广西南宁,推荐,2019-06-27,长安:我最喜欢的古都。希望能满足我对长安的瑰丽想象
阿里嘎嘎,,力荐,2019-06-29,本来想打四星，被恶意评一星的人恶心到，这部剧有点审美的人冲着服装道具都不止一星，粉圈争斗真的恶心 🤢一星给长安服装道具一星给大段的一镜到底一星给韩童声老师一星给剧组现场收音，还有一星就是给那些恶意评分的垃圾
海绵包子,山东淄博,很差,2019-06-28,某人演技尴尬
时光Serene,北京,力荐,2019-06-27,"好看ヽ(ﾟ∀ﾟ)ﾉ
虚宾痴迷以大案牍术推演真相，为接近卷宗案牍，他宁终身只做八品主事。
炽盛大出，霍然而落。大荒落
大唐的长远，有我。"
木雅,北京,力荐,2019-06-28,各方面都不错，几集单拎出来也比市面上90%的电影好
真有钱百货公司,四川成都,较差,2019-06-28,最近的剧是真的不太行
欢乐分裂,上海,还行,2019-06-29,还是过誉了，开篇的盛唐气象和长镜穿梭很有感觉，服化道之讲究自不赘言。但作为电视剧核心的剧本，在节奏铺排上仍存有相当纰漏——将十二时辰的物理时间长度填满25集的长度，势必要穿插无数人和事（包括闪回），于是叙事点和各事件的剪接变得非常重要，而至中段看来，旁枝逸出的细节虽有利于完成破案拼图，究其自身不少细节是拖沓的，因此整体有不畅之处，作为悬疑权斗剧来说，摊子铺得过大的话，一来拖节奏后腿，二则也不容易收场自圆其说。选角倒是意外契合，四字表现不错，雷佳音虽可爱但角色同质化太雷同了吧。
小萝卜头·糖泥,河南郑州,较差,2019-06-27,选角差评，姚汝能差评。
王铁柱,浙江杭州,很差,2019-06-28,对女性观众太不友好了 看了半集快睡着了。。
褪色编辑部,北京,很差,2019-06-28,一个需要在粉丝口中需要看完原著才能看的懂的电视剧就尴尬到极点了。不管服化道，摄影如何，当然在我看来也不怎么样，讲清楚一个极强悬疑性让人血脉喷张的故事才是核心吧。不好意思，这个剧让我毫无兴趣。
蛋,,很差,2019-07-19,0分，某玺败笔
春色撩人。,天津,力荐,2019-06-27,电影质感真的是太棒了！大爱这部剧的美工啊啊啊！期待后续！
Aummy,,较差,2019-07-19,毁我原著滚
🐰Chloe,江苏扬州,力荐,2019-06-29,国内很少有剧能让我看下来，大部分在一二集就弃了。但是长安十二时辰，追完了已更新的12集。我只能用震撼一词来表达我的感受。服化道考究，演员演技在线，演员全体原音（就这一点就能让我👍），长安十二时辰让我对国内的古装剧有了一个很大的改观。
真是太开心了,重庆,很差,2019-07-17,好吧，实在看不下去……
零,,很差,2019-07-24,yyqx真的丑
咕嘟咕嘟喝多了,Antarctica,力荐,2019-06-27,"熙攘繁盛，光耀万年，再也没有比长安城更伟大的城市了！道具，服化，光影，背景就是电影的质感！
张小敬和李必的选角太符合了，千玺第一次主演的电视剧台词居然这么好！很意外！"
farewell,,力荐,2019-09-15,"听人说播了也蛮意外的，看了一些，感觉画面质感蛮好，很久没看剧了，看到这么美的历史场景，突然有点感动233333，感觉应该是良心剧组。
先看着，后期会再点评。"
连理,河南鹤壁,很差,2019-06-29,……易烊千玺很帅，声音好听，都没错，然而……剧里面瘫脸，台词生硬，吹的那么狠真的好吗
ff,重庆,很差,2019-07-01,看不下去，网上各种营销吹好，但真看不出，还有那个四个字韵小伙形象差，演技差，无法吸引我往下看。
专业影评人Eric,上海,较差,2019-06-28,冲着原著来的，画面，摄影，音乐都做到了极致，雷佳音是一个亮点。易烊千玺真的没让我失望，用他那张木头脸完美诠释了小学生的演技，佩服他，一个人毁了一部电视剧
三岁,北京,推荐,2019-06-27,看了一丢丢感觉很不错啊，有追下去的欲望，期待四字弟弟的表演，希望看到前夫哥不会自觉笑出来。
西园寺边吃芒果,,力荐,2019-09-15,很惊喜，国产古装终于不是只谈谈恋爱。服化镜头都很绝美，大头和四字也很惊喜
特立独行的猪,河南郑州,很差,2019-07-22,你们不仁，别怪我不义咯～
闲人,上海,较差,2019-06-27,原著就BUG无数，改编难度极其大，果然不负我的期待，剧情崩塌。想想也正常，这个原著除非给到黄珂王倦这个级别的编剧，谁又能改好呢。
水光潋滟晴方好,广东江门,很差,2019-07-18,电视剧本身没毛病，我是给中间夹杂的金融贷款广告打一星的。良心剧你的良心呢
豆友迷糊,,很差,2019-06-28,感觉剧情一般、剪辑乱…………
大饼,江苏苏州,很差,2019-07-19,面瘫演面瘫 么
比艾洛,广东广州,很差,2019-07-20,这是十二时辰还是十二个月啊，拖沓注水，果然还是不能抱太高期望，跟中国足球一个德行
尘世书童,北京,推荐,2019-06-28,一口气刷了四集，剧组做了大唐长安城108坊模型，布景、道具都很用心，电影质感，良心剧无疑了。缺点是开头第一集没做好，不如原著小说紧张抓人，开头应该先攻仓库抓曹破延，发现毁灭长安大阴谋，然后靖安司临危出奇招，请出张小敬。现在的开头交代、回忆过多，有点慢也有点乱，怕是许多人要第一集弃剧了。。。
zoe20129,北京,较差,2019-06-28,真的不如书，被甩八百条街，莫名其妙加的这些人物都是什么金主爸爸安进来的吗，编剧脑壳是不是不太好，节奏稀碎，完全没有读书时喘不了气挪不了眼的感觉，官斗线太弱了，把人物一起崩坏了。一上来让李沁自己说静安司多牛逼是认真的吗，人物形象不是高冷神童吗？ps葛老的配音是甄嬛传陈建斌的吧，还有有鱼肠是gay吧
长夏,四川成都,很差,2019-07-02,恕我直言，可真难看
人来人往,北京,力荐,2019-06-27,电影质感
HarperYug,"Manchester, United Kingdom",推荐,2019-06-27,被催着一起看的，没等来《少年的你》 ，倒是给了这部剧也算是一个“安慰”了吧。开局开的还算不错，色调及镜头感很有味道，营造的紧张感也摆脱了同类的古装无脑剧，值得继续看下去~
凡凡,,力荐,2019-06-29,很棒了，曹盾好用心，剧组太有钱了，基本还原了长安，还有这是讨论剧吧，节奏挺快的，好想知道下面的发展，在评论区开骂四字丑是怎么回事呢，四字弟弟的黑好不要脸啊
lkjasdas,"Ōsaka, Japan",很差,2019-06-29,极烂的台词 背课文都没这恶心
爸爸,,很差,2019-07-19,场景很美，故事讲的一塌糊涂
Rachel🍀,"Kābol, Afghanistan",力荐,2019-09-15,满星，2019年数一数二的良心剧，多线并行剧情跌宕起伏各种伏笔小细节，每个人物都有自己的故事，都有自己关于长安的爱恨情仇，大唐盛世，是千千万万大唐人的盛世
Ming's studio,浙江杭州,推荐,2019-06-27,摄影非常可以，剧情还在看。
豆友188634701,重庆,很差,2019-06-28,四字的演技确实不咋样！
奶味雾霭,,力荐,2019-06-27,服化道具色调台词都好，终于等到了。千玺弟弟台词很好微表情也不错，“我要做宰相”惊艳我，雷佳音卖了小乙我哭死，瞳儿和秦郎的部分甚至生出慨叹，葛老的配音是不是陈建斌老师？崔器一直不可一世的表情好欠打。
燮燮,"Kābol, Afghanistan",力荐,2019-06-28,吃了朋友的安利一下子追了八集，看得好爽！琅琊榜以后没有这么精良的古装电视剧了，布景道具，各种细节和镜头感，是我喜欢的质感。我常看雷佳音的现代剧，基本都是文戏，第一次看老师的古装，打戏，说一句戏骨也没有多夸张，四字小孩儿也让我刮目相看，搭配相宜。追定了，好想全部追完。
这个小伙,北京,较差,2019-06-28,？？？？？？牛逼
野武北,"Kābol, Afghanistan",很差,2019-07-23,逻辑不通，细节不明
菠萝包,,很差,2019-07-02,含混不清的台词，四溅的口水。张小敬还不错，导演挺适合拍风景纪录片
饮料是恶魔,,很差,2019-07-23,不知道怎么回事，看着想吐
我也很想快乐,,较差,2019-07-19,导演能不能先把故事讲好
猫猫,,力荐,2019-09-15,三天时间看完了，虽然留下了很多悬念和遗憾，这是我的2019年最佳电视剧，
ewar0330,上海,较差,2019-06-29,吹得一塌糊涂，易烊千玺的台词怎么会这么差，齿音太重了，高中生念课文也不会念成这样啊
已注销,北京,很差,2019-06-29,耐着性子看到了第二集粉丝狂夸的“我要做宰相”的部分，本来激烈的台词是技能加分点，也就是很容易吹演技好台词佳的地方，可惜演员实在太丑，想走捷径吹演技，整个用力过猛丑相横生，没必要真的没必要
留靈脩兮憺忘歸,吉林长春,较差,2019-06-28,也别吹唐风，都认霓虹当妈了。
鼓墨一,江西宜春,力荐,2019-07-19,终于觉得要打分了！我今年看得最最认真的一部剧，并因此喜欢上了群像剧。剧中曹破延、崔器、丁瞳儿、小乙、安柱国这些小人物都拥有了自己完整的生命，反派和正派没有明显的划分，每个人都藏有人性的不堪，同样也有闪光点。从姚汝能、李必、何孚身上我都看到了自己的影子，不脸谱化，贴近现实，让人共鸣。还有剧中右相和太子的党争能让人学会很多关于职场的东西，阴谋阳谋！再加上反恐和悬疑元素，我真的大呼神了！编剧还会搞些有趣的梗和黑色幽默，看起来又爽又上瘾！非常棒！
imkafig,,很差,2019-07-04,天盛长歌2.0
消遣,上海,力荐,2019-06-30,评论打一星的是？？？？？我觉得这部剧不管从画质，妆容等质感也太强了吧！没滤镜好喜欢。反正我很喜欢，说看不懂的那些能不能多看书补点知识呢😄
外卖杀手,北京,较差,2019-07-19,23集是什么鬼？？？弃了
池鱼捞月,江西南昌,很差,2019-07-24,trash. 这种水平的作品真的只能糊弄糊弄那些没见过好东西的小孩子，就是可怜编剧团队了，心血被导演这般糟蹋，最后还没有个人署名，只剩一个爪子工作室。
经巷,,力荐,2019-06-29,剧的质感太好了！一集仿佛一个大片 看着很舒服 千玺的演技还不错 17岁演到这个程度我觉得可以了 略显青涩但不违和 雷佳音的演技就不用说了 老演员～其他角色也很好
清晨物语,,力荐,2019-06-29,这样的剧不给五星天理难容！剧情细节服化道演技赞，最重要的是还原了盛唐时期的景象
sana,Togo,较差,2019-06-28,看粉丝吹上天了特地去看一看，结果我觉得就是个中规中矩的水平毫无惊喜。。
一颗无花果,"Al-Qāhirah, Egypt",力荐,2019-06-27,真的太激动了，期待了好久的长安啊。片头就很精致，剧情紧凑也不影响故事情节，大头哥、坏人哥演的真好，千玺的台词也让人惊讶，毕竟是上大学之前拍的，太惊喜了。舍不得一下子看完。不过真的是今年最值得期待的好剧！
教授和Mars,"Toronto, Canada",力荐,2019-06-29,四字弟弟没有拖其他人，还不错，高于预期
今天也要加油鸭,上海,较差,2019-06-28,易烊千玺演技真的被周一围雷佳音吊打了，而且古装有一点点丑……dd还需要再努力一下，感觉看不下去
森林的男人,四川成都,较差,2019-06-28,先说演技，弹幕满屏都在吹爆四字弟弟的演技，我真的是尴尬。台词和背书一样，毫无一点生气，枯槁得像一湖死水。除了偶尔皱眉，全程无丝毫面部表情，可以和杨天使的瞪眼出一部书了。  剧情方面，看完第一集真的是尬到天了，李必让雷大头不要想逃，逃哪里都可以传递情报从而监控他。可是这样厉害的天眼系统，却连一个逃跑的狼卫找不到？再后面莫名其妙老师出来就说大唐要完了？黑人问号脸？老师不怕谣言死罪吗？总的说，第一集给人感觉就是在故弄玄虚，导演功力不足，总是在蹩脚地营造神秘悬疑，一堆无意义的人物眼神的近景特写，丧失悬疑剧的灵魂。
自在,重庆,很差,2019-07-19,难看，吹得凶
有风自南,陕西西安,力荐,2019-06-28,不避讳的说易烊千玺是所有当红小鲜肉中对自我要求最严格最有职业操守的，综艺如这就是街舞；电影如少年的你；电视剧如长安二十四时辰足以证明。
劲大没文化,陕西西安,推荐,2019-06-28,很多年都没追剧了，本是闲来无事冲着老腊肉去的，没想到小鲜肉也没让失望，蛮有意思！
白桃乌龙茶,上海,力荐,2019-06-27,质感我真的爱了  台词就是像文言文一样   太有古代的感觉了
凉花白,,力荐,2019-06-28,每一帧，我都想截图，太烧钱了，太烧钱了。大头突破了以往现代剧的人物框，很惊艳。四字也比想象的要好。看评论很多人说演技太过稚嫩，原著党表示李泌本就是少年初担大任，各方压力都是他从未承受过的，易烊千玺把少年人思虑过甚的形象诠释得非常好，看好他以后的演艺发展。貌似大家总是对他要求太高？？？
古风晕,河南郑州,还行,2019-07-04,影视剧里看易烊千玺真的是格外丑 🌝
伊呀雪一,江苏南京,力荐,2019-06-29,不得不说，长安十二时辰没有让我失望，之前看预告就对这部剧挺期待的，这是我为数不多的没有快进的剧啊！！可见剧情真的很紧凑。镜头我爱了，一点都不零碎，好多长镜头看着贼爽了，电影质感的网剧，只有25集，这是为数不多的这样紧凑不拖沓的剧了，看过很多古装剧清宫剧，说实在的，太长的剧集后面总会出现节奏没把握好的问题，这个很有美剧的那种节奏。不管是主演还是配角，都还不错啊，雷佳音不用说了，演技派，张小敬演绎的很棒，四字把李必的清贵之气演的很到位，大段冗长拗口的台词也驾驭的可以，没有减分，作为第一部大男主戏很不错了。服装，道具妆发来看，真的特别还原历史，用心制作，五星必须的！国产就要这么搞
amber,,力荐,2019-06-27,先去追了哈哈哈哈哈哈哈哈哈哈哈哈哈哈哈哈哈哈哈哈哈哈哈
芦哲峰,辽宁沈阳,还行,2019-07-01,萧规和徐宾，有勇有谋有胆识，敢想敢干敢赴死，都是人才。至于张小敬，就是个傻子，剧里面一口一个长安，一口一个大唐，听得人直想吐。这就好比北京某基层公安局的刑警队队长，一说话就是“北京”如何如何，“中国”怎样怎样，假不假？烦不烦？
景,黑龙江哈尔滨,力荐,2019-06-29,等这个剧好久了 昨天也终于忙里偷闲看了四集 因为不是会员只能看四集 但是我想说这部剧值得我开会员追 雷佳音演技没得挑 至于周一围第四集他还没出现😂 最后四字 我很惊艳 当红流量里有演技且可以静下心来认真琢磨演技的真的不多 但四字他有这个决心 希望弟弟越来越好 期待弟弟的下一部作品 还有热依扎小姐姐人漂亮演技也漂亮
hymn,山东青岛,很差,2019-07-31,易烊千玺丑死了，长了一张偏执狂的脸，适合演陀枪师姐里变态色魔翁文成的朋友阿安
李友尼姬,广东广州,力荐,2019-09-15,比想象中还要有意思
爱吃番茄酱,,力荐,2019-06-27,画质超好的！！！！
城市公路,广东珠海,很差,2019-07-21,弃剧了
祁酱,,较差,2019-06-28,这只有我一个人觉得拍的不好吗？老实说，有些人真的不适合拍戏，好好地唱唱歌不好吗
夏日rose,江苏苏州,很差,2019-06-29,剧情还可以，但是某些演员太败好感了。本来就是被营销带进来的，但是和营销差太远，彻底不想看了
天文馆,四川成都,力荐,2019-06-27,质感特别棒，一看就是用了心的，就是有点烧脑
C&you,,很差,2019-06-28,不是很喜欢，场景还不错吧，没有想象中那么吸引人
LoophyMa,,很差,2019-06-28,紧张感完全靠音效和对话。。。可以说完全没紧张感，还有那个反派，总板着个脸是怕别人不知道这人有问题哦
国产电影,北京,较差,2019-07-23,用一句辽宁话来形容：看得脑仁疼
长腿叔叔,上海,力荐,2019-06-29,真的好看，内容特别喜欢，演员演技也在线，很好看，服化道、配乐、摄影、打光、整片电影质感都绝了，开头的一镜到底真是盛世长安啊！剧组在细节上的处理非常用心，李必头上道家芙蓉冠子午簪的特色插法，棺材铺里摆放唐三彩等。主演方面彼时还未系统学习表演的易烊千玺演技竟也不输，李必仙风道骨运筹帷幄心怀苍生，雷佳音不羁野性十分带劲，此剧着实良心
群山,"Belém, Brazil",力荐,2019-06-29,五星不是完美，而是力荐。看了前面几集，很好，赤子之心向来最为动人。
你的微笑牵动我,内蒙古乌海,很差,2019-07-17,就那样吧！期待过高了
42466304,,力荐,2019-06-29,看到前面一位专业评价后，本想给五星的，就犹豫了。商业片，投入和产出是个难题，跟做生意一样，没有满分的生意，但有些努力值得给满分，拍摄手法，后期处理都很用心，服装道具，群演数量，配角没有不在线的，很舍得花钱，至少给95分，希望片子大卖，希望更好
常程,,很差,2019-06-28,一个类型化作品拍成这样？？？？有毛病吧！原著强情节快节奏，现在除了华而不实的摄影还有啥？？？？一分都给多了
alice,"Melbourne, Australia",较差,2019-06-28,易烊千玺的台词太烂了，大败笔，面无表情地背台词，没人教教他怎么演戏嘛。又耐着性子多看了几集，发现剧情节奏也好烂，乱七八糟，东一脚西一脚，人物逻辑不连贯。这评分虚高了。
宋闪电,,力荐,2019-07-19,演员演技全在线，四字弟弟表现超乎预期，服化道精致讲究，爱上周一围。
暴力水蜜桃,"Vancouver, Canada",很差,2019-07-19,演技和台词劝退我了 而且造型也有点一言难尽
四道风,河北邯郸,力荐,2019-06-28,果然没让我白等这么久，国产年度最佳。
Durrell,四川成都,很差,2019-07-19,女子妆容是什么鬼？？？？？
SuperLightman,天津,力荐,2019-06-29,很早就看过原著了，期待了很久剧版，终于来了。最大的失望是剧中但凡历史人物的名字全都改了，其实这在原著里是一个很大惊喜点，随着剧情，一个个耳熟能详的历史人物像彩蛋一样浮出水面；最大的欣慰是主创们在这样的大环境下依旧坚持拿出诚意之作，这剧拖了很久才上，想必经历了多次修改，该打码的打码，该删减的删减，总算过了censorship。想一想我要是搞电影的，早就自暴自弃了，但感谢还有这些电影工作者的坚持。五星，全给你们，真不容易！
邦比快跑,北京,较差,2019-07-06,我信了你的邪！
ness002,上海,很差,2019-07-26,四字好丑
seez_franco,江苏无锡,力荐,2019-09-15,每一个演员都似乎是为其在剧中的角色而生的，完美cast
太冷了,四川成都,力荐,2019-07-19,过半了才敢来评论，故事很吸引，在浩浩宇宙，漫漫长河里哪有绝对的主角，熙熙攘攘，人来人往，每个人都有自己的故事，很喜欢这种把群像也拍出很有感觉的东西，这才是现实中该有的样子。本来是是给四星的，但看到好多一星的评论很可笑，对一部剧的评断既然可以如此的滑稽，一部剧的成品背后是多少人的付出，既然可以如此随意糟蹋那么多人的心意，唉。
Eloiseven,湖南长沙,力荐,2019-07-19,剧播到一半了，真的越看越精彩，感觉就像高中语文老师谈起红楼梦那样，好的作品值得细细品味，每一次阅读都有不一样的味道，长安亦是如此，电视剧里伏笔很多，细节出彩，看得到导演跟编剧的用心，主演几乎没有太多的光环，每个人物刻画的都很真实细腻，而且角色不是扁平化单薄的而是很饱满，没有完完全全的坏人，好人也是。长安城里的每个人都各怀心思，种种刻画人物的细节都站得住脚，节奏正好，类似于国外的群像剧，一集讲半个小时，多条线并行真的一点不慢了，每次看完一集都有点意犹未尽的赶脚，剧真的很良心，是部可以引人深思的好剧。看到好多毫无由头的一星差评，真的替国剧感到悲哀，快餐化的时代下剧组人员能静下心来打磨，服装道具甚至灯光都有追求，心疼他们的付出，至少在态度上也不止一星，剧情引人入胜再加上一众演员精彩的对戏，五星给了
脸脸,江西南昌,力荐,2019-09-15,"太有质感了，电影的感觉，千玺第二集和雷佳音的对手戏真心不错 ，弟弟台词还可以，可是最近要考试，暂时先看了两集，等我放假立马追起来๑•́₃•̀๑伐开心


国产好剧，你值得拥有！"
最精神的病人,浙江宁波,力荐,2019-07-19,画质真的太棒了 如果不是资金有限 完全可以拍大片啊 剧组的光影打的特别好 很有质感 千玺角色我至少没有违和感 气质很好 有些仙风道骨的感觉 可能会和周围人有些格格不入
是阿短呀,云南玉溪,力荐,2019-07-19,很久没有一部剧能让我这样认真的看下去了。先说服装道具场景吧，真正的让我看到了大唐盛世，里面的道具看了很多科普文都是现在在博物馆还可以找到原型的，制作组非常用心了，还原了大唐的一天。再说妆发吧，路边的女人，地下城的女人，张小敬的伤疤，檀琪的妆容都做得特别好。最后说演员，因为是一天之内发生的事，所以演员的形态状态不可以有太大的变化，但听说这个剧拍了差不多一年，对于演员来说保持统一状态很难得。雷佳音有些出乎我的意料，没有想到身手那么敏捷，很多打戏都拳拳到肉让人感觉非常过瘾。再说易烊千玺，李必少年老成，但无权无势，修道。所以演出来感觉面部表情不多，走路有些仙，后面几场爆发的戏演的很好，该有的傲骨，该有的绝望，都有，出乎意料，没有被其他的老戏骨压掉。我心中的李必就该是这个样子。
红泪垂百事非,,力荐,2019-07-20,易烊千玺难得的hold住了，作为四字弟弟第一部影视作品，这个成绩单交的相当漂亮。
Lemon,,力荐,2019-07-19,"剧情进展到一半了
镜头真的太好看了
曹盾导演不愧摄影出身"
已注销,北京,力荐,2019-07-19,就冲着对长安的还原也要给五星，诚意十足的一部古装剧。很多场景都美得像幅画一样，完全呈现出了盛唐的样子！一口气追平所有更新，节奏紧凑宛如美剧。
掠过银河,北京,很差,2019-07-06,华丽罩袍下的一坨
已注销,中国香港,力荐,2019-07-19,良心剧。不多见。看到好些场景像极了京都。唐风还是要去京都啊。
不微凉,河南郑州,力荐,2019-09-15,画面，服化，节奏，都是top的水准
文刀钝砍,,力荐,2019-06-29,"真的是一部良心好剧，明明是电视剧却时刻有看电影的错觉，质感真的不错，剧情也很好，雷佳音周一围演技真好，千玺弟弟在一众实力派之中也有自己的亮点，未来可期。
我真的好喜欢半文言的说话方式，觉得很有韵味，一股历史感扑面而来，还有剧中的小细节我真的好惊喜！"
蔡广坤,浙江温州,力荐,2019-07-19,已经看到第26集才发现自己没有写评论，越看越喜欢！曹盾真的很厉害，不希望他被污名化，好多台词值得我读上四五遍，好作品就是这样，会在人的心里留下很多东西，台词背后的深意和内核还需要观众细细品味才是，但是想想，什么样的作品就会吸引什么样的人，只能说我在艺术追求上是和曹盾导演志同道合的人的。想要燃想要紧张是很容易的，只要用上那些套路就行。但是直击人心灵的，还是思想。一开始有些不习惯改编，但后来才明白了编剧的深意。很多人评判一部作品通常通过自己的心跳指数来判断。但是心跳是暂时的。那些在我嘴边细细品味的，不断回想的，几句短短的台词，才最戳我的心。第一次看一部电视剧像读一本书，值得我反复去品味。期待曹盾未来的作品！
__Imp,"Melbourne, Australia",较差,2019-07-19,人物没有灵魂，自相矛盾。弃了。多一分给服化道。
吃个大汉堡,,力荐,2019-09-15,太良心了！！！景美造型太别出心裁了，大头赞，四字也不错！！！
null,安徽合肥,很差,2019-07-19,追求形式主义的完美体现，讲故事的功力跟海上牧云记还有将夜一个德行，令人作呕。
不作圣解,上海,很差,2019-07-04,这玩意儿有8.6分真的是侮辱我的智商，除了服化道一无所有的烂剧……
珊姐V5,辽宁沈阳,力荐,2019-07-19,这个是真的好 服装道具场景都非常用心 演员都是戏骨 就没一个跳戏的 剧情紧凑   画面也美 之前觉着24个小时怎么能拍出来40多集 看了之后只觉得精彩 重在细节刻画 逻辑也没毛病 本对TFboy无感 但易烊千玺这几年不管是综艺 还是电影电视剧 在选择上便能看出来其对自己未来的要求及规划 平时挺严肃不说话 但出的都是高质量作品 雷佳音也不错 之前对他也没什么关注 看了觉得演技炸裂呀 还是我们辽宁鞍山人 支持支持~ 没看的赶紧看吧~
昭,四川成都,很差,2019-07-05,服化道满分，流量负分
bbqqsmvo,,力荐,2019-07-19,说是国内难得一见的国产剧有点太夸了，但确实是一部很用心的剧，服化道很好剧情也很精彩，四字弟弟的演技过关了👍
宇宙船长,湖南长沙,力荐,2019-06-28,吹爆十二时辰的制作，真担得上精良二字，一镜到底的镜头真的爱了爱了。易烊千玺与雷佳音飙戏也有看点，惊喜的是这是四字还未考入中戏之前的作品，在剧里的表现仍然可圈可点。
リカ,"Tōkyō, Japan",较差,2019-07-20,真的没看懂。
jackyili,,力荐,2019-07-19,我真的好喜欢里面刻画的每个小人物
嗯（plus）,,力荐,2019-07-19,场景太美了吧！雷佳音和易烊千玺真的棒！雷佳音在屋顶上追狼卫的时候真的超酷！还有易烊千玺一大段台词，真的不容易，好喜欢！23集血洗靖安司真的看哭我了，崔器好可怜，易烊千玺演得真好！还有26集，闻了降芸神香后，2个李必的对话，演得太好了！
不再回头,安徽马鞍山,较差,2019-06-28,画面美，布景讲究，服化道用心，故事不咋地。四字的台词毫无起伏，面部表情一成不变，评论却全是一水的夸。
卡司,上海,力荐,2019-06-28,从预告里就觉得易烊千玺的台词可以，正片也不落下风，长安街景画面质感很优秀，就原著还原来说很不错，集数也满意！
灵魂大师,河南平顶山,较差,2019-07-20,不能讲人话吗
已注销,,推荐,2019-06-27,还不错
微微安,河南郑州,力荐,2019-07-19,都忘了有多久没有一个镜头不拉的看完一个剧了        播到一半我想我必须好好夸一下千玺弟弟  不得不说有些东西真的是天赋了恶补不来  眼神有戏  真的太难得  自带风骨  浑然天成  追剧时就真的是李必了  演员易烊千玺  未来可期👍🏻👍🏻
以可爱出名,湖南湘西,力荐,2019-06-27,前几年看过原著，比较烧脑的剧情，今天看了一下电视剧，第一集没怎么看懂，剧情也不明白，从第二集开始张小敬捉狼那里一下子就热血沸腾，激动起来，雷佳音演技真的很绝，和在现代剧里面给人不一样的感觉，那股子狠劲都演出来，再说一下千玺弟弟，据说是十七岁之前拍完的戏，没受过任何专业训练，这里面表现的也算是很厉害了，台词说的也不错，眼神也特有戏，心怀天下人的感觉，给原著里面的李泌那种为长安城的心胸演出来了，里面都是些老戏骨，贺监什么的都不说了，反正都挺厉害的，才看到第四集，期待龙波（周一围）的出现，碰撞出的火花一定也超精彩
流苏,,很差,2019-07-17,简介挺好的，但是四字演技不好，四字的吞音台词我都无语了，人物形象太生硬……演技不够，不适合演电视，还是去跳舞吧
旧街古巷.雨未停,福建福州,很差,2019-07-25,哪里好看了？看了一集，一头雾水。，
马满月,北京,力荐,2019-06-27,有钱真好
胖头鱼,,力荐,2019-07-19,"吹爆长安十二时辰的画面还有服化道真的是神仙剧组！真是一个充满了烟火气的长安，好喜欢！
一众戏骨和实力派演员原声台词质感飙升，易烊千玺真正意义上第一部电视剧，但又难又长的台词也驾驭得很好。雷佳音让我完全把张小敬和他本人平常的形象区分开来了，真的好有感觉！
剧情、节奏、配乐、演员、场景、光影……
剧组真是处处下功夫，精致到对每一个群众演员的塑造，妆容服饰美到极致，看惯了宫闱高堂斗争的电视剧，觉得长安市井更有魅力！"
趣多多,北京,力荐,2019-06-29,"首先说这部剧制作真的超级用心了，场景、道具、服饰、台词都很贴合当时的背景，大片质感！里面好多历史知识，很有意思。之前一直想会不会有一部电视剧好多集，但是只讲一天之内发生的故事，当时感觉自己很天马行空，可是长安真的做到了。演员配角主角演技都不错，雷佳音真的是实力派，演的死囚犯真的是活了，至于千玺，虽然年轻，但演的也不错了。
希望大家客观看待这部剧，好的国产剧我们应该鼓励，让更多人看到。"
饕餮,,力荐,2019-07-19,本来就是原著粉，影视真的出乎意料，太有电影质感了，好久没看过这么好看的剧了，整个剧组演员都演技在线，服化道、场景、布景都好喜欢，长安的那种繁华人间烟火气儿都表现出来了，超级喜欢！
甜心芭比姚b澜,黑龙江哈尔滨,推荐,2019-06-27,这剧易烊千玺雷佳音和周一围老中青三代我最爱的男演员凑齐了，期待了一年终于上了，片方说是按美剧的感觉在做，但无论从画面还是剧情都很符合中国古代，很有感觉，给个好评！！！
我也不知道叫啥,广东广州,力荐,2019-07-19,一开始看不明白是真的，第一集是介绍背景的，所以刚开始会有点懵，但是你当继续你看下去的时候就会喜欢上它，长安十二时辰剧情非常紧凑，设计考究，背景格局较大，一镜到底制作精良，还原大唐繁华盛景！看靖安司司丞李必如何保卫长安！
快乐的猪🐷,,力荐,2019-07-19,"看到26集才来评分，目前故事的节奏还可以，但是我已经看谁都像坏人了，猜谁都像大boss（除了李必和张小敬）
看头是有一点难懂，毕竟要交代故事的背景，事由，人物！但是过了第一集就很精彩。易烊千玺演的李司丞也可以，有神童的清冷，和身居高位的高傲，也有之后跌落高位的落魄！
《长安》是神仙剧组吧，大到建立了一个长安城，小到器皿，都是十分的考究，叉手礼，唱“喏”，还有各个平台的科普，边看边学"
影视迷,湖南长沙,力荐,2019-06-29,看了四集，故事情节紧凑，人物形象有血有肉，不那么片面，服装道具做的很细致，电影级的镜头感，演员演技全在线，千玺的演技让我很惊喜，不是说演技很好，而是在这部剧中没有拖后腿在跟众多老演员对戏的时候没有被压下去，还是有自己亮点的，在90后，00后中是很不错得了，最后要说下这部剧中的配音和音效做的真的是太好了，看的我十分紧张刺激，在很多商业片中都没这么好的配音和音效，有的时候再一部剧中配音和音效配的好话能给影片提不少分，第一写这么长的评论，写的不好大家勿怪。
有人要偷猪,,力荐,2019-07-19,"我这一生，便是一个错处都不能有的。李必说出这句话的时候，我心里有点儿酸。我的少年，你又何尝不是如此呢，行差踏错一步，便是万劫不复，普通人可以犯错，其他人可以做错事，独独你不能，不管是粉丝还是路人，对你的要求太高了！我替你不公平，可你总能平淡接受，努力做到更好。
谁又能想到，长安十二时辰是你真正意义上的第一部个人剧呢
最后，题外话，李必没有了三点水，还能叫长源吗？😂"
橘子汽水,陕西西安,力荐,2019-07-19,服装道具一看就是下了功夫的，画面质感真的很好，没看过书，所以看第一集有点吃力，但是越往下看越好看，节凑特别紧，全程无尿点，看完后面几集再回过来看第一集，真的是好懂很多，今年追的为数不多的剧，太棒了
lmhh,"New York City, United States",很差,2019-07-05,浮华非真实，男主恶心
一笑醉人间,,力荐,2019-07-20,曹盾宛如开了挂一样，实力派×潜力股，这个配置，绝了。
万德福,山东淄博,力荐,2019-07-19,第6集简直国产剧集巅峰，节奏摄影演技剧情。
所爱隔山海,浙江杭州,较差,2019-07-23,说好的24集呢？
么么浅笑,湖南怀化,力荐,2019-06-28,真的是良心剧组，服装道具真的很用心了，终于不用看那些一脸现代妆容的所谓古装剧了，情节紧凑，看得很过瘾，雷佳音和四字弟弟都不错，赞一个！
小星星变奏曲,,力荐,2019-07-19,电影质感，上佳演出，节奏明快，棒！
丑俊凯or土俊凯,,力荐,2019-07-20,很早之前的影评，没发出去：长安十二时辰，捉狼卫护长安，着实想看熙攘繁盛，光耀万年的长安，张小敬办事从不讲规矩，却引得一帮人追随怀念，李必出身高门望族，自幼成名，求师拜友于贵人名下；为护长安和天下百姓，张小敬李必会面于靖安司，两拳之下互通心意，才看到第二集，画面和人物细节都刻画精细的令人发指，情节紧凑，特别期待接下来的情节发展了！！！719:之前的影评一直没发得出去，看完了最新的剧情，易烊千玺饰演的李必的微表情控制和表演真的令我惊喜，矜贵傲气到后面被现实打击的崩溃惊慌愤怒，合适的表情合适的演绎出现在合适的场景，导演说的对，巧夺天工打不过浑然天成，他是一个合格的演员，他有着一个演员该有的认真态度和天赋，千玺加油期待你的更多作品，也很不齿那些黑子因为黑一个人连看都没看就给作品打一星的行径，令人恶心
Jerry .,,力荐,2019-07-19,我的妈呀！良心剧！！！制作精良质感高级！！良心剧组！！原声台词！！！6.27的惊喜🤗剧组好会挑人呐！雷爸爸演技杠杠滴，爱死千玺的声音了，委屈小必在线挨打
____虞,,力荐,2019-07-19,看预告的时候，没有想过这部剧有多吸引人。但是，当我真正去看正片的时候，我就发现，里面的剧情和人物形象都出乎意料的吸引我。不管是张小敬的英勇善良，还是李必的沉稳果断都深深的吸引我。易烊千玺演李必真的传神，他有一种风骨，我很喜欢这个角色。剧里反映底层百姓的生活那一部分也很特别，会让我看到长安的另一面，衬托出长安的重要性。该剧持续更新中，期待接下来的每一集。
霓虹番茄,广东深圳,力荐,2019-06-28,"看了二十几集以后越来越喜欢了，很多人说拖沓，我觉得如果你只想看一路打怪升级最后干翻大boss的剧情，肯定是会觉得拖沓的，导演如果走这个路线，那拍成电影的长度就完全够了。问题就是，现在这是一部电视剧，它需要有轻重缓急，需要更多的故事和细节。它跟美剧不一样，如果以美剧为标杆，那你肯定不满意。但我并不觉得应该以美剧的标准来评判这部剧。油画值得欣赏，水墨画也同样值得欣赏。现在的人啊，都太急了。（7.19补充）

曹盾老师这一波太可以了，他完成了每个西安人的梦想！这完完全全就是我梦里的长安啊！本西安人激动落泪了！演技在线细节考究，就连片尾曲韵味十足！有古典的韵味但又有一些偏现代的表述，让年轻人比较容易欣赏，与剧情紧密相连形成了完美的闭环，不像很多古装电视剧一到片尾流行歌曲一唱立刻让人就出戏。"
英俊咯,福建福州,力荐,2019-07-19,服化道考究，色调舒适，老戏骨演技没得说，千玺的表现稳住了！今年最喜欢的国产剧！
旧茶山,,力荐,2019-06-28,"是复杂精致，一刻不能缓的博弈破局，不张扬但力道足，观感像是窥破天窗，看人物故事暗流涌动。
来夸，布景服化贴切，台词讲究，节奏张力抓人，光源营造镜头切换区别不同人物动作、场景空间，层次画面色彩运用舒服。千玺和雷佳音的表演是精彩入戏信服的，不少场景戏点也是台词掌控带进去的。"
懒懒,,力荐,2019-07-19,不可多得的好作品，值得细细品味。一个个有血有肉的人物，看懂了有些悲凉，大唐衰败已定。人物之间碰撞，角度不同，含义也不同。大鹏展翅九千里，他看不见地下的蝼蚁。这不仅是衰败的盛唐时期才有的吧。
MOdest,,力荐,2019-07-20,除了大家都在夸的服化道，其实这部剧最值得称赞的是剧情和人设，没有一个人是完美的没有一个人是开挂的，虽然只讲了十二时辰的故事，但在这一天中李必和张小敬都经历了大起大落，没有开天眼没有一路贵人帮扶，跌跌撞撞的坚定了守护长安百姓的信心，演员演的也很好，是近年来我看过最好的国产古装剧，给满分不怕导演骄傲！
Lmn2000,,力荐,2019-06-29,是良心剧了 这部剧有多累有多苦有多不容易都是我看着过来的 现在终于播了 一点都没让我失望 雷佳音＋易烊千玺就是绝配啊  虽然上线之前零宣传但看现在的热度也是很不错了 看了几集 剧里台词都好绕口 而且要很认真看才能懂意思的那种 易烊千玺台词功底真的颠覆了我对他的认识 依我看来在剧里没有易烊千玺和雷佳音只有张小敬和李必 而且抛开演技来说 剧里也很努力在还原那一天 色调什么的都好用心 那些职业黑跟对家粉丝不要乱蹦迪了 这部剧确实很好 希望你们爱豆有朝一日也能接到这种剧本 达到这种演技呢
lolo,北京,力荐,2019-06-29,我看了我看了，我真的看了。说是雷佳音的演技是真的一直没让失望过，真的顶呱呱，弟弟以前对他的记忆就停留在了小孩子的样子，这一次看真的惊艳我了，而且从调色到整体，就有种电影的质感，好棒！！
杨淦天然大理石,,很差,2019-07-23,主线不突出，越往后越没有紧张感
哒哒哒,,力荐,2019-07-19,"那个今天有位楼主说这两天不定档她就去吃shi，太狠了，我过来标记一下向她致敬！[抱拳]

6.27啊啊啊啊啊啊啊啊啊啊要什么自行车，都播了就是一万个可，大头哥可，四字弟弟也可，服化道都可，剧情也可，节奏也可，千玺弟弟好帅好可爱声音真好听，雷佳音咋那有演技呢，我可真喜欢他，演闻染的姑娘好可爱啊，笑起来真好看特有感染力

已经看到26集，剧情也过了大半，算是放下了一颗悬着的心，这个剧制作精良，演员演技在线，聚焦每一个小人物，长安不再只是想象当中的繁华都市，它承载着每一个鲜活的生命。在这个城市里有人绝望着，有人奋斗着，有人决心毁灭它，也有人拼死要守卫它。每一个有血有肉的生灵都让人热泪盈眶，小乙，曹破延，崔六郎崔器两兄弟，瞳儿，张小敬，李必他们真实的打动着我们
这个评分今天算是可以问心无愧的发出来了"
Lillian,江苏南京,很差,2019-07-06,非要尬吹引人来看，看后有被骗的感觉
魔法少女阿短短,云南玉溪,力荐,2019-07-19,制作特别棒，有电影的质感。整部电视剧特别有烟火气息，街边叫卖的小贩，那些无辜被杀死的人，路边玩灯的小孩儿，每一个都有生气，不是简单的npc那么简单，活灵活现。整个剧的剧情也值得推敲，很多小的伏笔在一开始就埋下了，直到后面才渐渐显现，所以我看的格外认真和仔细。雷佳音这个角色就是在社会上摸爬滚打的，所以他懂得各种门路，也有很强的社会气息。长镜头的追击戏和一镜到底的打戏都让人看的格外过瘾，是下了狠功夫练习拳脚的。易烊千玺饰演的李必，六世高门，真正的贵族，所以少了一些烟火气息。因此在剧情中他与别人与众不同，他相信他相信的，但终究是落入尘埃中。与龙波的对手戏演的特别好，有六世高门的仙，傲骨，也有落入尘埃的狼狈和绝望。大大的出乎我的预料。
super_FLQ,"普宁, 揭阳",很差,2019-07-06,给四字的
一个不污的人,吉林延边,力荐,2019-06-29,吸引了基本看不了国剧的我
Piracat,,力荐,2019-06-28,马亲王原著我真的拜服，两本书全程毫无尿点！ 之前曹盾导演说“我不是还原唐朝，我是还原唐朝的一天！” 从改档到毫无宣传突然开播，始终期待！ 真的果然国产良心巨作……电影质感细节考究！ 反复看都有不同发现
子衿,,力荐,2019-06-29,之前无意间看过亲王的原著，后来慕名看了预告，花萼楼，服化道和剧情的还原度都让我对这个剧无比期待，从预告就看到了这部剧的用心，如今终于等来验收结果的时刻。易烊千玺的演技很让人惊喜，完全不出戏不赶客不拖后腿，雷佳音，看惯了他嘻嘻哈哈的样子，可再看张小敬也丝毫不违和。台词是我最喜欢的部分，于细处着笔，颇有古韵。不论是李白的诗抑或长源的《长歌行》，再如大唐之三省六部西安各坊的名称都让台词更添美感和韵味，仿佛一下就触摸到了昔时那熙攘繁盛的大唐。这是个不需快进且需细细品味的电视剧，导演对细节的把握和仔细最打动人
春天,,力荐,2019-06-29,"这部剧的细节真的令人惊叹！
布料拼裁间方显文明进步；繁复花纹里细微见真章。
大头的演技依然很棒，角色塑造很丰满。四字的声音真的是让我沉迷！！！而且台词还是大段的文言文，听起来真舒坦！演技也不错，毕竟是17岁的时候拍的，这才叫未来可期！！"
milan,,推荐,2019-06-27,质感不错，前期平铺直叙，张小敬与李必一动一静，尤其前者的＂动＂是此长安故事的灵魂所在，人物粗砺生猛兼有活泼逗趣，形象极为丰满。目前问题是节奏时松时紧，剧情夹杂呈块状向前推进。期待后期渐入佳境变换节奏。
王语嫣,江苏南京,力荐,2019-06-29,不得不说，很久没看过这么用心的古装剧了，没错就是用心，感觉每一件服饰，每一段配乐，每一个光影的用心都是花了心思的，服化道我都很满意，感谢导演和演员让我们看见了辉煌的繁盛的大唐长安的一天。两个主演都不错 雷老师演技很老练，易烊千玺的青涩感正合角色，作为一名还很年轻的演员来说值得一个大大的赞了，优秀两字当得，会继续追下去的
0uhewofb,北京,较差,2019-06-28,冲着雷佳音和易烊千玺还有原著马伯庸以及之前种种还原，去看了，完全看不下去。。。
没事多看点书,北京,很差,2019-07-28,呃一言难尽
来者何人,,力荐,2019-07-20,一开始看的是曹盾导演的那个宣传的视频 其中一句话很打动我 就是 让孩子知道什么是真的不要误导孩子 大概意思是个这样的。然后今晚看了感觉很有质感 演员们表演的很好没有违和感 会继续支持 观看下去的。加油
Edward,,力荐,2019-06-29,你所谓的雷佳音的油腻感，和易烊千玺的表情不丰富，都是对于原著角色的百分百还原，没看过原著你就好好看剧，这剧已经这么用心了，你能不能别故意找茬刷低分，要不要脸了？
老二不小了,"Harare (Salisbury), Zimbabwe",很差,2019-07-05,"可惜了
祥瑞御免 家宅平安 诚心手打"
奥利维嘎,,力荐,2019-06-29,不错，四字弟弟未来可期。难得的盛唐背景的电视剧，清宫戏真的看腻了
纵一苇之所如,江苏苏州,力荐,2019-06-27,这质量不给五星天理难容
光光,广东深圳,很差,2019-07-21,一集弃。繁乱无味，感觉是专门拍给知乎上那些喜欢给长篇大论、废话连篇回答点赞的人看的，好显得他们很有文化，很烧脑。原著马伯庸，很多年前看过他微博，就觉得巨无聊，那些蹩脚的段子，每个都有五百斤重，笨又蠢。
回转寿司🍣,北京,力荐,2019-07-20,值得细细品味的一部剧。我前面10集都已经看了2.3遍了，每次看都有新的发现，很惊喜。每一个人物都有自己的故事，都有前因后果，不管是靖安司的李必，还是死囚张小敬，亦或是小乙，瞳儿，甚至于只出现过一次的理发店老板，每个人形象都很丰满，都是有血有肉的人，仿佛历史上的这一天真的发生了这些事，真的有这些人物的存在。导演真的做到了他自己说的还原唐朝长安的一天，👍追剧追到现在，有种全员恶人的感觉，很期待最后的幕后boss到底是谁。还有李必真的好惨呐，上元节这一天估计是让他永生难忘的一天了。
稳重的萝卜,,力荐,2019-09-15,看预告的时候就特别想看这部电视剧了。第一集出来的时候，电视剧有了电影的质感。服装道具，一点也不出戏，一看就知道很好，台词也很好，除了那句“吃货”，看来是经过研究的。易烊千玺的演技让我有点意外，演得很好。难得看到这样一部从服装、背景、台词，演员演技也非常棒的戏，每集我都看得很认真。从不跳戏。有时候一集要可能要多看几遍才能完全明白台词的此外涵义。好剧。
V星人,,力荐,2019-07-20,预定年度国内最佳
绻影浮沉,,力荐,2019-07-20,雷佳音给了五尊阎罗另一种打开方式，易烊千玺又帅又有气场妥妥的电影脸，故事的讲述方法很高级，没有生搬硬套，剧情也流畅，起承转合都有，观感真好。
丁丁,北京,力荐,2019-06-29,剧情很紧凑，四字不出戏，亲王功力了得
余林,浙江杭州,很差,2019-07-21,原著党不喜欢的改编。无脑，喘，人物动机不明确。
火锅底料,,较差,2019-07-04,emmmm…？
像风,,力荐,2019-09-15,“天覆吾，地载吾，天地生吾有意无，不然绝粒升天衢，不然鸣珂游帝都。这才是我的诗。”
关山重重,,力荐,2019-09-15,期待太久了，久到看到李必出场激动到流泪！喜欢这个角色，更喜欢千玺的演绎！面对老师时的恭敬温顺，在靖安司时的杀伐果决，泾渭分明！尤其喜欢，李必说服张小敬时的那段台词！！！
不想起名字了,山东青岛,力荐,2019-09-15,易烊千玺真的是当代小生里数一数二的了，弟弟加油，十八岁未来可期！！
gxttian,上海,力荐,2019-09-15,"剧情紧凑不拖沓，四字弟弟演技也毫不逊色。借用sir电影里的一段点评:
一座气象万千的长安城，被搭建，需要制作班底全员孤注一掷的勇气和专注。
而，一只木桶能装满多少水，取决于它最短的一块木板。
开播前，很多人以为他就是这块木板。
但开播后。
他也稳了。"
乙乙,,力荐,2019-07-19,眼看着更新一半了，无论是剧情的推进还是人物的刻画都愈发引人入胜，但是昨天更新的好虐，作为看过原著的表示和书里真的不太一样，不知编剧改成什么样了，继续期待！吐槽一下弹幕里总是说节奏慢的，是找不到黑点了吗？
cafuné,湖南长沙,较差,2019-06-29,两星给雷佳音…yyqx根本不长照片那样…台词也很差
坶三土姐绝配,,力荐,2019-06-29,易烊千玺的演技像一辆越野摩托，在前辈们卷起的烟尘中，并肩前行，轻巧而不落下风，机动而不失把控，有时甚至能从车队中高高跃起，灵气涌现。未来可期
悠悠白万,辽宁沈阳,很差,2019-08-01,⊙∀⊙！
ypapanti,浙江杭州,很差,2019-07-25,导演活儿是没话说，但这个戏的价值观也太他妈错得离谱了，马伯庸，名不虚传啊！
kang,湖北武汉,力荐,2019-09-15,年度最佳！剧情和拍摄手法水准很高，至少在之前没人这样拍过。国产剧能拍成这样很屌！
够不着呢,广东广州,力荐,2019-07-19,没怎么宣传就突然上架的一部剧，在不看小说的情况下直接看电视剧的。这部剧无论从服化道还是从演员演绎再到剧本节奏都堪得上是近期的精品之作。故事很简单，且只有一天，讲的是有敌火烧长安，张小敬和李必两人联手拯救长安人民。但贵在每集半个时辰的节奏进度和细节把握，多条线同时进行的叙事手法和镜头切换，层层剥开，引人入胜。雷佳音人设应当说与他之前演的剧大有不同，但演绎的闪光点满满，易烊千玺拍这部剧时只有十七岁，大段大段的台词咬字清晰感情流畅，是个能让人见到曙光的少年。
Echo.,山东济宁,力荐,2019-07-19,一些细节很多普通观众都不一定能关注到，或者都不懂，但是这就是大制作，严谨，不会因为你不懂就糊弄你，所以说魔鬼在细节
可爱的小牙妹儿,,力荐,2019-07-19,易烊千玺演技真的好   ！！！！
默默点评,湖北荆州,很差,2019-07-19,国产剧的通病～拖拉
tymttd,黑龙江哈尔滨,力荐,2019-07-20,简直了 因为明天还要考试 所以只能先看了两集 哭唧唧…… 两位主演真的没话说啊 啊啊啊啊啊 真的是 之前这个导演的海上牧云记我也全程追完了的 虽说节奏有些慢 但是确实是很写实很有质感的啊  剪辑 布局 尤其是打光 各方面都无可挑剔 这部剧不管怎么样可终于是能播了 赶紧缓存下来这12集啊 我的天呀！ 还有片头和片尾曲都太好听了 也太合我口味了吧 嘤嘤嘤 快追起来吧 大家 哈哈哈哈哈哈 对了 最后再小提一嘴 易烊千玺真的很惊喜啊 到现在都不敢相信居然是易烊千玺…… 更新一下 说剧情拖沓的 其实你要是看进去了那还管的着剧情拖不拖沓 我一点都不没觉得剧情拖沓 还有点看不够呢 不懂为啥要说剧情拖沓……emmm……无语……
沐洲,江苏苏州,很差,2019-06-29,易烊千玺是败笔。当然 马伯庸也是品牌效应 其实如何 也不如何。
小兕,福建福州,较差,2019-07-23,编剧不行，拍个12集最多了。
Wency,,力荐,2019-07-19,"期待了很久很久的长安十二时辰终于悄悄上映了！昨夜生怕它下架于是立刻充值会员缓存当前所有剧集，直到夜晚十二点才开始看。最最最让我喜欢的是它的细节处理。哪怕有些细节我不太了解，但搜索后的结果不得不让人敬佩。

引用@一根可爱又迷人的小黄瓜的一段话：

“从小不管是历史课还是小说又或者是影视剧，长安一直都是我很憧憬好奇的城市，一次次幻想东市西市的热闹，万国来朝四海臣服的盛景。

长安十二时辰带我看到了。”"
沙雕怂怂,上海,力荐,2019-07-19,画面精良，剧情紧凑，千玺弟弟第一次挑大梁的戏的确也可圈可点，戏中各个老戏骨更是稳稳的演技，长安十二时辰，值得五星！姚汝能，给我刚起来吧，别怂了！崔器都死了😭
🌪,安徽淮南,力荐,2019-07-19,这剧不同于泡沫剧，有一种不让人分神的魔力，每一处都很重要的感觉，错过就怕自己接不上后面的剧情了2333😹感谢导演让我看到一个有血有肉的长安，里面就算跑龙套的小姐姐们都好美啊，小乙和崔器赚了我好多眼泪😭😭我有种感觉，后期姚汝能和檀棋会让我哭死（没看过原著）😢希望打脸，我想看他们好好活着，一起守护美丽鲜活的长安
AngusCheung,中国香港,很差,2019-07-21,本来剧还凑合可以看，但想想为了平衡那堆尬吹某小生演技的，就那种面瘫死人脸说话和念旁白似的还念不清楚，一副脑瘫样子还想救天下，最低分拿走不谢
米兰の虔言,江苏苏州,很差,2019-06-28,期待越大，失望越大。一星给四字弟弟的原声配音，未来继续加油
杰尼小屁龟,湖南长沙,力荐,2019-09-15,很久没有看到这么有考究的古装剧了，打开第一集，剧里的场景滤镜配音配乐都让我感觉我在看一部电影，剧中人说话不尬不小白，早就想说了，你古装戏还用现代一些所谓潮语简直尬到不行，反正这部剧我挺了，会重刷的，能学习的东西很多啊，满足我这个理科生喜欢历史的心呐
无情的人,江西九江,力荐,2019-07-26,看到好多毫无由头的一星差评，真的替国剧感到悲哀，快餐化的时代下剧组人员能静下心来打磨，服装道具甚至灯光都有追求，心疼他们的付出，至少在态度上也不止一星，剧情引人入胜再加上一众演员精彩的对戏，五星给了
布林,,力荐,2019-07-19,良心制作👏
滚滚大侠,浙江宁波,力荐,2019-07-19,为数不多能看进去的古装剧
紫色墨镜,北京,力荐,2019-06-29,"两天看了8集。整个剧现在看来节奏非常紧凑，第一集交代背景看了两遍，逐渐理清人物关系以后渐入佳境，尤其到第六集突然爆发，看的根本停不下来。
没太看过原著，也没什么预设，我反正觉得演员都很优秀，小人物大人物都有血有肉，很注重把握情绪和细节。是很良心，很值得一看的好剧。近期国产佳作！
雷佳音的张小敬铁汉柔情，是个披着坏人衣的好人。
易烊千玺的李司丞很有清冷孤傲之气，举手投足都很有范。
其他很惊喜的配角包括鱼肠杀人那段好飒！地下城那部分上升到了忠义和人性，两位配角小乙和丁曈儿很惊艳！
难得制作和演员都精品的好剧！"
问牛山客,北京,力荐,2019-07-19,易烊千玺帅到看不清脸！！！好局，我觉得它确实有内涵。值得一看。
大瓢儿,辽宁大连,推荐,2019-08-12,等了这么久终于上映了，还特意买了优酷会员。原来还期待类似张涵予饰演张小敬呢，不过雷佳音个人也比较喜欢。看了前12集，没有书中描绘的紧凑，每分钟都会给人的那种压迫感缺失，也没有拍出美剧24小时的那种感觉，差了点意思，不过还是支持国产历史剧
Hello王錦鯉,辽宁抚顺,力荐,2019-06-29,我现在印象最深的，就是张小敬吃的火晶柿子、水盆羊肉，嚼个不停的薄荷叶。
ceciliachang,,力荐,2019-09-15,攒到现在终于看完了…西安人一本满足
阿杜杜阿木木,北京,很差,2019-07-22,没意思，心里落差大！
此间丨大宝,北京,较差,2019-07-19,喂！只有24小时！导演是忘了吧。节奏太慢，让人忘了是24小时内的故事。光靠片头的日晷和剧中的报时并不能把人兴奋起来啊。同样是24小时，看看反恐24小时怎么做的。要我说，披着24小时的外衣，其实是部古装破案偶像剧。
路人甲ljay,,力荐,2019-07-19,服化道真的很好，光影也特别好看，本以为是自然光没想到有些白天戏居然晚上拍的，灯光厉害。剧情很连贯，好想看到下面怎么收尾啊，主角基本没有光环，惨。希望能收住结尾
Jason Han,,很差,2019-08-01,讲个故事，有那么难吗？
Appke,,力荐,2019-07-19,服化道满分，对于本历史系学生真的是一大享受。目前追到26集，剧情紧凑，演员演技都很在线，非常期待后面了！
不舔酸奶盖儿,广东广州,力荐,2019-07-19,画面精良 服道化精美  原声台词 演技在线 值得一看的良心剧
周星星,"Helsinki (Helsingfors), Finland",较差,2019-06-28,台词吞音，气声太多，没字幕根本听不清，念得毫无感情跟背书一样；演技紧张的时候就皱眉，大多时候就僵着脸，太出戏了。可惜了精彩的原著，搭戏的老戏骨，考究的服化道。二星给大头，演技还是不错的。
你说我是谁,广东广州,力荐,2019-06-28,冲着最后两集拍成的这种屌样子，别拍第二季了真的。
Summer Mojito,北京,很差,2019-07-19,看了十五分钟 觉得很没意思 但铺天盖地都在推荐 于是硬着头皮看了四集 实在看不下去了……
小学僧,江苏南京,力荐,2019-07-19,这个质感简直太棒了，一个网剧有电影的质感。真的好赞！而且都是原音，终于不用听熟悉的配音了！期待后面的剧情！
沛灵结庐,北京,力荐,2019-07-19,雷大头演技真心不错～四字弟弟我觉得也不尬啊～俩人对戏时候觉得蛮好蛮好～场景看着着实舒服～
胃卜鲜汁,浙江金华,力荐,2019-06-29,目前的大环境下，以后估计看不到这种水平的古装剧了，且看且珍惜，质感甚至超过部分电影
嗨嗨酱,广东广州,力荐,2019-07-19,看到第六集了！！！我要吹爆大头哥哥！！！！！！道服化真的太良心了（当初说不看我也真香了）
tzh042500,安徽蚌埠,力荐,2019-06-30,看了一个打一星的人 给前任三打五星给这个打一星 呵呵 老子不是易烊千玺粉丝，就算易烊千玺演得和对戏的人不是一个级别的，但他也算演得入戏。剧情拍摄节奏都还ok  四星就ok  至于打一星？
加七,,力荐,2019-07-28,"好多人说剧情拖沓，可是剧情早已不囿于查案破案，而是站在了更高的角度来向我们呈现大唐。
不如说查案是一个引子，由其牵扯出了一系列人物，高至圣人宰相，低至青楼女地痞混混，这些角色形象丰满有张力，有些甚至只出场了几分钟也能令人印象深刻。剧组在尽力为我们还原一个真实有温度的长安，不只是主角们的，而是由无数人组成的长安。
另外，剧里还有不同政治理念的碰撞，道法儒三家的斗争等。从不同的角度深挖下去，都可以给出不同的解读。

说拖沓而打一两颗星的人，不如去看柯南，一集破一个案，我也喜欢😁"
可乐就一杯,广东广州,力荐,2019-07-19,"追这剧超紧张又太爽了。节奏紧凑各种环节一环扣一环的，每次镜头转换在李司丞和张小敬俩不同环境气氛下都要为他们着急😮。人物性格也都很立体多面真实好多啊太难得了！！
镜头和拍摄手法真是电影质感太让人舒服了，既扣了细节又不会拖沓，很喜欢。"
风雨同路,,很差,2019-07-25,看到第14集完
子申,广东深圳,力荐,2019-07-19,真正高分的作品都有一个词来表述 质感！我超级喜欢24小时 这部美剧我看过不下3次 长安十二时辰和24小时不同 但更符合大唐气质 表演道具场景摄影都超级好啊
郗了了,,力荐,2019-07-19,看到现在已经脱离原著了，每天都在猜到底谁是暗桩，太烧脑了，欲罢不能
煲煲,"Adis Abeba, Ethiopia",力荐,2019-07-28,瑕不掩瑜，国产好剧必须五星支持。高明的导演和编剧是剧的骨架，演员的演绎是剧的精魂，精致的服化道以及耐听的配乐是剧的血肉，每一帧画面都是美的，每一个小人物小配饰都有说头。重现了大唐长安的盛世风采之余，也不免日午而衰的千古之叹，引发我们后人诸多思考。
喜歡冬天,,力荐,2019-07-19,每一集的劇情節奏緊湊，每一個角色都演出了靈魂，入戲就出不來
寒月悲笳,,力荐,2019-09-15,剧情紧凑，节奏很快，连着看真的很爽，而且真的是电影画质，太厉害了，拍的太好了，给导演打call，演员演的也到位，看的我真的很爽很爽了。就是我这个智商啊，看第一集就看不懂，看一遍肯定是看不懂了😂还得多刷几遍好好理顺才行😂
上地兰斯莫斯,北京,较差,2019-06-28,本来很多优点，制作过于粗糙实在难以下咽
李司丞,,力荐,2019-07-19,不知道那些为了压低分数去抬自己爱豆的作品，胡乱给一颗心的怎么想的，这都能一颗心，国产真的是走投无路了，什么国产剧不行，都是你们这些给杠的，如何优秀不是自己喜欢的明星的作品都是差的，良心过得去吗？抛开一切也是国剧呀，自己都不支持，怎么走出国门？例外也在播的几部剧真活该低分
石油工人有力量,湖南长沙,力荐,2019-07-19,"其实看书的时候最恨的就是那一群潜入长安的狼卫。但是当电视剧赋予他们每个人一个有血有肉的形象之后，这些纸上的人物变得鲜活起来，我才发现，原来对一个人，哪怕是书里的某个角色，感情都不应该是局限于完全的爱或恨。
那个在书里让我恨的牙痒痒的狼卫曹破延，是杀人不眨眼的恶魔，是一个为了所谓信仰痴顿不堪的人，但在电视剧里，他也是一个带着星星，万事牵挂女儿的父亲。所以，曹破延才会慈爱嘱咐季姜上元节要和阿爷待在家里，还在鱼肠胁迫麻格杀掉闻染时说道不希望自己的女儿遇到像鱼肠这样歹毒的女人。
有人说把一天的事情用上48集来叙说未免过于拖沓，可是如果能用48集，让我去仔细了解每一个出现在《长安十二时辰》中的小人物，我觉得很值得。"
Gezelligheid,,很差,2019-07-31,演技很玄幻
方枪枪,,较差,2019-07-24,这编剧…可惜服化道了。还有那个陆三什么鬼？长得丑演技差就罢了，那台词……中文说不利索就找配音啊，出来秀日腔中文恶心人吗？
乾坤袋,北京,力荐,2019-07-20,良心剧。由于隔壁海军太嚣张，所以给五星吧。
随风融化,湖北武汉,力荐,2019-09-15,昨天一上线就欲罢不能地熬夜看，剧情紧凑紧张，服装道具唐朝景像呈现全部都是高度还原，两主角角色扮演很丰满，张小敬的忠勇和骁勇演绎的淋漓尽致，出场自带仙气傲骨，满腹经纶的李司丞一下就被震撼了，当时才17岁的少年出演如此厚重的权高位重的上位之人难免让人有不同声音，但是，易烊千玺的第一个出场就抓住了我的眼球，把一个谋略之人洞察世事的缜密和对全城百姓的生死安危的运筹帷幄以及对太子的忠诚，演绎的恰到好处举手投足展现了少年对演员这个职业的满腔热情，演员易烊千玺才华初露，很期待未来更多精彩。
山河,北京,力荐,2019-07-19,一入长安不良人 时时想亲人
陌1922,陕西西安,很差,2019-08-01,按导演的水平，可以剪到六十四集
卑鄙的时光,四川南充,力荐,2019-09-15,太子的税赋按道理是由徐宾写的，徐宾在塔楼最后叙述的时候完全撇开了太子的嫌疑和关系，我一直以为终极目标是推动徐宾的税赋，但后面几集居然只字未提！ 哪怕是被皇帝扼杀，但至少要摆在观众的台面上呈现出来，不然死了一大堆人他们到底为了什么？ 虎头蛇尾了！
我只是不想说,广西桂林,力荐,2019-09-15,今年古装剧最佳
黯蓝,湖南长沙,力荐,2019-09-15,"看了三集，服化道都不错，演员也棒，原音台词加分，先给四分追完再回来评价

看完了，每一个角色都鲜活有血有肉，每一处场景都像是在展示长安繁华，又与危机形成对比，盛世下的腐败表现的真的很好，每个演员也都演的很好"
彼岸遥望幸福,江苏苏州,力荐,2019-07-26,本来是是给四星的，但看到好多一星的评论很可笑，对一部剧的评断既然可以如此的滑稽，一部剧的成品背后是多少人的付出，既然可以如此随意糟蹋那么多人的心意，唉。
豆田闯关者,广东广州,力荐,2019-07-23,看得停不下来，编剧满分，演员都让人想认识。雷老棒，四字弟弟优秀啊，演技很自然
我是吃货,,推荐,2019-06-27,台词功底还是不行 但是用原声好评 给予鼓励 目前来看还可以
罗根不是金刚狼,辽宁沈阳,力荐,2019-07-17,这部剧要是美日拍出来的，可能就能被评9点几分了吧？呵呵哒
zValarDohaeris,"Amsterdam, Netherlands",力荐,2019-09-15,很多年没看到过这么精致的国产古装剧了，并且很长见识，很多内容都让你想多看一眼。千玺的演技很让人舒服，雷老师更是惊叹。
你管我啊,,力荐,2019-07-19,感谢一群认真努力的人，从幕后到演员。良心剧，值得多看几遍。（易烊千玺演的比想象中好，是让人愿意期待未来的新人演员了。）
yxf,,较差,2019-07-28,戏太多
曾于里,"P'yŏngyang, North Korea",推荐,2019-06-29,上线颇为不易。当回自来水，推荐一看
YR,,很差,2019-07-27,虽然口碑不错，但是公关很差劲，踩别人的这种做法，我不能接受
姚黄魏紫皮皮鹿,上海,推荐,2019-06-30,所有插曲都值得循环。
Grid,,力荐,2019-09-15,目前看来今年国产剧最佳，易烊千玺演戏再加把油吧，台词和形体不太行
离离,上海,很差,2019-06-29,主演嘴里是含着口水和别人说话的时候开喷吗，台词要不太平要不就是人体喷射机，影响观感，一星不谢
杜冰雁,上海,力荐,2019-06-28,确实是电影质感，我太喜欢剧里那些小姐姐们的衣服了！配着披帛真的好好看，行走的仕女图！几个长胡子的我都非常可以，尤其那个红衣服的哈哈哈哈真的可爱
藕节度磅,四川成都,力荐,2019-06-29,更新一下我心中国产剧的前五排名：《我爱我家》、《长安十二时辰》、《琅琊榜》、《编辑部的故事》、《大宋提刑官》
mika,,较差,2019-06-28,剧情包袱都给台词讲完了怎么看哦
飒大力,,力荐,2019-07-20,如此功利的时代能有这样一部作品 太难得了！
津轻,浙江杭州,力荐,2019-06-29,李必人设从静心修道改成少年风发，适合千玺的年龄，也好拿捏；岑参改成话唠，增加笑点；张小敬独眼改成伤疤，五尊阎罗的杀气纯靠演技了。目前这些改动都很喜欢，五星预订
迷路,湖北武汉,很差,2019-07-17,千玺的演技要提升，演的很尴尬，跟雷佳音比差很多
南城旧梦,,力荐,2019-07-20,少年天才易烊千玺VS老油条雷佳音的搭配绝了~一个运筹帷幄之中，一个决胜千里之外，一老一少的搭配无所畏惧。
官安官安,,较差,2019-07-20,看不下去
松阪,,较差,2019-07-23,?怎么吹的这么厉害捏 色调奇怪 那个眉毛我emmmmm……
大白兔奶糖,,力荐,2019-07-19,真的好！就冲剧组的用心 这剧最起码值8.8以上 希望以后可以越来越多像长安一样的良心剧 加油！
投资小能手,湖北孝感,力荐,2019-06-28,高考前的作品。谢谢你一次又一次证实我的选择没有错
﹏暗香浮动°,,力荐,2019-07-20,雷佳音真是把张小敬的匪气，轻浮，外粗内细演活了。
乌拉妮,北京,力荐,2019-07-20,《长安十二时辰》更新至今在优酷评分渐降，很难苟同，于我反而愈觉精彩。看到现在，觉得这部剧仿佛就在讲一个词：抉择，在公理正义维护与人性软弱妥协之间。真的很少在中国影视剧里看到如此血性的倡议，许多角色在抉择面前往往选择前者，要知道这对一个具有保护自己生命本能的生物体来说并不容易，其中有一句台词是这样：如果什么都很容易，就不叫选择了。也有踌躇之后选择自我保存的角色，然而这种抉择的意识在他眼中斗争良久，仿佛握紧的拳头，只是最终松懈了。我想这就是人吧，他可能会因为血性去维护正义，也会因为软弱而感到不安。公理和正义这样的东西只存在于人的世界，如果一个人无法认识到这一点，或者在抉择面前毫无犹豫，那么他很难被称作人，而是兽。
把酒对长空,,力荐,2019-07-20,雷佳音的张小敬是少见的不想笑的角色，看着一身杀伐气就知道他拼的有多值。
啊,重庆,推荐,2019-07-18,今晚的三集（24，25，26）拍的太好了，迫不及待想来评了。压抑窒息的感觉令人绝望，一边是大唐的普通百姓期待着夜晚的灯节，一边是李泌的崩溃、张小敬的奋力夺取，拯救长安仿佛进入了僵局，挺住呀！！！演到26集，各个人物的形象逐渐丰满，曹盾有长进！快去拍电影！！
婴儿蓝,四川成都,较差,2019-07-25,已弃
想美就要多喝水,北京,力荐,2019-07-19,看一半才来评分不得不说是部良心剧，虽然也有瑕疵但瑕不掩瑜制作团队和后期人员真的值得夸。现在这么用心的团队真的不多了，演员方面整体都很不错包括很多配角每个小人物都刻化的栩栩如生。在这真的要说一下四字弟弟真的很不错，刚开始的时候觉得他在这部剧中一般不拖后腿但也不出彩，但是从最新几集我真的是看到了他的潜力，真的未来可期希望弟弟加油认认真真磨炼不骄不躁
幻城印象,安徽宣城,力荐,2019-06-27,刚看完一集，很久没有制作如此精良的国产剧了，完全电影质感，拍摄手法配乐剪辑都堪称优秀，唯一缺点恐怕就是年轻演员给人感觉太过稚嫩
Enjolras,广东广州,力荐,2019-06-30,告诉陈凯歌，盛唐不仅仅是一幅画而已。
胖猫在装睡,,力荐,2019-09-15,"服化道真的很棒，很好地还原唐朝的感觉，我很喜欢这部戏的人物群像。每个人物都是立体，能看到这段故事里人物的成长和不同面。
李必少年天才，看起来是个运筹帷幄掌握大局之人，越到后期就越能看出来他有弱小的一面，特别是在靖安司被毁那一段。
崔器是一开始很讨厌他，特别坏事，还感觉特别自私，但最后为了守护靖安司战死，这让我难过了很久，甚至让我一度特别讨厌李必，觉得李必才是害死崔器的人
让人印象深刻的还有檀棋被封在棺材那一段，我都要窒息了。
这部戏好的地方太多了，但有点虎头蛇尾，开头剧情紧凑，中间人物出彩，结尾……我都忘了结尾的感觉，或许太过于平常了。"
肥胖的熊猫,北京,还行,2019-07-20,弃了
豆豆,上海,力荐,2019-07-20,开篇镜头我真是太喜欢了，电影质感一下就出来了，因为看过原著，所以剧情基本能跟上，剧情发展合理，节奏紧凑，小配角也相当出彩！不错~算是国产好剧！
Dieciocho,四川绵阳,还行,2019-07-20,我敢说我看不进去么？我敢说yyqx台词演技不好么？我不敢
懒羊羊,,力荐,2019-07-24,第一次看第一集的时候没看懂放弃了，但是被画面惊艳了，所以后来心有不甘翻了一下豆瓣简介的背景和人物对照，之后再次静下心来看。当我对背景有了基本了解之后发现越看越有趣，甚至于有些配角出戏的台词和过于用力的卖狠都瑕不掩瑜。然而，看完二十集回来再看豆瓣的时候着实没想到竟然这么多差评出现，看了几集弃剧的我能理解，大概就跟我第一次看觉得这剧太掉书袋的感觉一样，但是细细看过以后才能明白每个场景的用心（虽然讲故事其实可以有另一种方式）但难道悬疑剧就必须每小时肾上腺素飙升几十次才可以么？有一条主线然后慢慢讲顺便看长安百态为什么不可以？建议可取，但某些为喷而喷的我就不能理解了，有甚者还说不如满屏的舔狗奶狗爱上滤镜少女剧，excuse me？…
陶潇骁,北京,较差,2019-07-20,太拖了，故弄玄虚.
绝不认输,江苏苏州,力荐,2019-09-15,朋友安利，过了热度追的一部剧，还没看结局，看到现在这片子质量很高，追的下去
路西斐尔,Franch Guiana,力荐,2019-09-15,之前老在猴子微博里看到他转发这部剧，好像是和海上牧云记一个剧组，而且讲的是唐朝。我最喜欢的朝代一是巍巍大唐，一是风流两晋。虽然晋朝历史很憋屈，但是很潇洒，《上品寒士》描写的是晋，不知道会不会拍出来。回到本剧，前期看不太懂，剧情很紧凑，一天的事情被拍四十八集，omg。剧组里的服化道我真的吹爆啊，我超喜欢汉服的。唐朝万国来拜，熙攘繁盛，光耀万年。歌舞升平，我真的超想去唐朝逛街qwq…李必演技可以不出戏，张小敬好厉害，凭什么说我们龙波油腻，揍你！心疼曹破延，我觉得他演的好棒！本是性情中人，奈何立场不同。泅渡泅渡，嗐！冲服化道和演技剧情我给101分！
磨磨无文,四川成都,力荐,2019-07-19,首先，制作精良，摄影，布景，细节讲究，最开始的一镜到底让人惊艳。然后，演员演技可，人选贴近我心中的角色。现在几乎不看国剧，难得有一部让我看得很惊喜。目前无尿点，期待之后的剧集发展！
Supercutegirl,贵州贵阳,力荐,2019-06-29,这部剧昨天突然出现在优酷首页 带着对剧名的喜欢和对四字弟弟的好感去看了 第一集我这个智商的确有点难懂 不过从第二集开始就真的太上头了 熬夜看了好几集！特别喜欢这种类型的古装片 第一集那个一镜到底真的好多人在夸啊 真的超级舒服 看起来特别高级！开头的市集场景伴着小曲儿出来 那个质感就打动到我了 真的大片即视感 有种看电影的感觉 大头叔叔完全颠覆搞笑形象啊！演技真的很棒！出乎我意料的是 四字弟弟真的不错 那种清冷的气质出来真的杀到我了 好喜欢这种干干净净的角色 原声也很棒 低音也太苏了吧啊啊啊啊啊 小小年纪能做到和前辈对戏不弱场真的很棒 台词稍显青涩 但是眼神真的不错 能Get 弟弟未来的戏路应该会很好 总之 这部剧制作简直良心 继续看继续看
我和冷掉的生煎,湖北武汉,力荐,2019-06-29,"五分全给服化道，不敢评满分但作为第一个吃螃蟹的就铁值五分。

靠，这是畅销书好不好，书粉等着播等多久了都。居然有人说这剧没人看😤电视剧又不是靠演员粉刷播放"
布冰块,广东广州,很差,2019-07-29,完全讲不通
毛先生,,力荐,2019-06-29,今年国产剧最强毫无悬念 终于看到像样的剧了
Seven.,浙江杭州,力荐,2019-06-29,年度最优秀了吧。真的良心，电影级别电视剧。
十二月丶让  故,,很差,2019-07-28,剧就怕太火，不免烂尾，终究逃不过大多数，情有可原，情有可原而已
银笺别梦,,力荐,2019-07-20,雷佳音的张小敬和李必为中心的群像剧，有悬疑色彩，但更多的是不灭的赤子之心。
眠梦,,力荐,2019-07-19,的确良心。无论是选角还是后期制作都很用心。看过原著，本来对电视剧没什么期待的，刚开播那天也看过几集，但总觉得看不下去。现在放假回家静下心来重新看，发现真的很不错，是需要你用心去感受，去分析剧情的。而且，剧版的剧情和原著差别较大，很期待之后剧情的走向。
柯兰大势,福建福州,力荐,2019-06-29,看到一个人说梦回大唐，眼泪差点掉出来，唐朝真的是我历史梦的起源，虽然现在做的工作跟历史毫无关系，但是心中对历史的爱一点也没有减少，谢谢长安十二时辰展现了我梦中的大唐盛世。
一棵杨,,力荐,2019-07-19,老公只说了一句电影画质吗！然后独自刷了六节🐼                                                       演的好的，该夸就夸，不必卑微。
我不是涵仔,北京,较差,2019-06-30,过誉了吧？？
搴舟中流,,还行,2019-06-28,四字的营销真是无孔不入，曹盾也没有那么吹的天上有地下无的，一味的追求所谓质感，必然是舍本逐末，南辕北辙
我就爱贾隆平,,力荐,2019-07-20,"刚看了半集，真的被剧组的用心惊到了。电影质感不用多说，相信看了都能感受到。服化道真的绝了，看了下科普啥的，好像一比一还原唐朝那个盛世长安啊。剧情真的算紧凑了，故事就一天的时间，电视剧拍了这么多集，不可能一下就给你跳到结尾啊，在说剧情的同时给你一览长安风光，挺好。再说说演员，雷佳音不错，但是我在想张小敬是虎背熊腰的吗？四字也还行，听说17岁时候拍的，形象还挺符合李泌。
我来改分了，越往后走越有意思，这样的电视剧还不给5星今年就没有能5星的剧了。"
可怜抱枕,,力荐,2019-07-20,呜呜呜呜一口气看到现在，6集，还有很多停下来反复看！服化道没话说，演技台词配音都好好哦😭
xhsg,上海,很差,2019-07-17,精力全花布景道具上了
mofei,上海,力荐,2019-07-24,我要认真开始看这部剧了，首先服化道真的不错，没有明显让人跳戏的地方，氛围感营造的非常好。易洋千玺让人惊喜，台词部分非常好，符合人物的感觉。是一部要认真看的剧，不能快进，一快进我就觉得漏了什么。
[已注销],,力荐,2019-07-19,第六集可以吹爆！
糖不甩,,较差,2019-07-24,易烊千玺的台词真的不怎么样
锵锵锵,,力荐,2019-07-19,一部非常非常良心的剧了，开头就直接惊艳到了，服化道很认真，制作也十分精美。演员的演技也全体在线，大到主角，下至一个小配角都刻画的很鲜明。真的超级好看！
门前大桥下,,力荐,2019-07-19,非常有电影质感啊！！！！特别好！！千玺弟弟是原声台词！！太棒了！！！！雷叔叔演技真的！！！牛皮！！！我喜欢！！！！！
钟小鑫,北京,力荐,2019-07-23,制作良心~这么讲究，真的很难得了。
慢慢,,力荐,2019-06-29,这部剧质感真的超好了，没有加一些乱七八糟的滤镜，里面的每一个戏份不多的演员的演得很到位，雷佳音的演技真的很棒了！易烊千玺也让我惊艳到了，与人物气质很符合，很多片段都发挥得很好，不过因为经验不足，和雷佳音还是有很大距离的，还需要好好磨练。
境随念转,辽宁沈阳,力荐,2019-07-19,为了文化输出 打满星。片子的成功不单单是剧本导演和服化道，还有众多细节，比如全部的配角都是牛逼演员 全片没有小角色。比如彭冠英饰演的秦征 为了知己绿梅马甘愿以命相搏；宋允皓饰演的剃头匠程参，眼神动作全部在线；公磊饰演的尖酸刻薄赵参军；白皑磊饰演的为了名利前程机关算尽的元载……最后还有一路从憨傻蜕变到大义的崔器 饰演者蔡鹭。当然还有，虽然离开公众视线却一起活跃在圈内的黄海波，此次担任崔器的动作捕捉。此片为了只有小人物，没有小演员来点个赞👍🏻
Circle,广东深圳,力荐,2019-07-20,"7.7：长安十二真的太像妖猫传了，非常有妖里妖气的味道，就好像空海的蜜汁微笑一般。目前只看了一集半，远没有觉得节奏如传闻般那么慢，相反还略快了些。许多闪回是为了塑造和丰富人物性格，信息量其实极大，可见用了功夫。目前只看了一集半，说慢的人大概是没认真看或者后面确实做水了。目前五星观望，不过四字许多地方着实没把情绪绷起来，弱了，但还算可圈可点，应该是导演调教有功。以上。
7.9：这部剧不简单，借古喻今，能过审不容易。大唐已经熟透了，随时有掉落烂掉和被人窃取果实的可能。安禄山啊，谁会是当今的安禄山呢？
7.14：看到一句很悲凉的评论：不管剧里的人物在天宝三年如何挣扎，如何运筹帷幄，但终归，天宝十四年，是要安史之乱的。以史为镜，可以知兴替，如果2008对标天宝三年，那2019会对标天宝十四吗？"
